,Open,High,Low,Close,Volume,Market Cap
2020-08-21,23.09090000,23.32000000,21.50000000,22.09880000,2493196.51000000,2493196.51000000
2020-08-22,22.09940000,22.24640000,21.28140000,22.20440000,1892077.61000000,1892077.61000000
2020-08-23,22.20100000,22.23480000,21.28410000,21.85550000,1618992.60000000,1618992.60000000
2020-08-24,21.85750000,22.97460000,21.66550000,22.59530000,1877744.04000000,1877744.04000000
2020-08-25,22.60160000,22.64150000,20.98050000,21.38820000,2271280.88000000,2271280.88000000
2020-08-26,21.38810000,22.47430000,21.26510000,22.19990000,2500162.91000000,2500162.91000000
2020-08-27,22.20050000,23.15070000,21.80640000,23.11270000,2927744.89000000,2927744.89000000
2020-08-28,23.11270000,23.58460000,22.61580000,23.08110000,2545445.75000000,2545445.75000000
2020-08-29,23.07830000,23.50000000,22.74160000,22.93980000,1854485.72000000,1854485.72000000
2020-08-30,22.94410000,23.83000000,22.90000000,23.62080000,1908490.67000000,1908490.67000000
2020-08-31,23.62500000,23.90000000,22.96700000,23.14770000,1767387.78000000,1767387.78000000
2020-09-01,23.14810000,25.41000000,22.84000000,24.70280000,4442974.10000000,4442974.10000000
2020-09-02,24.71010000,25.82620000,23.12150000,24.76520000,5879568.29000000,5879568.29000000
2020-09-03,24.76530000,25.54000000,19.87650000,20.35920000,7231336.21000000,7231336.21000000
2020-09-04,20.40270000,21.83000000,19.20000000,20.97120000,5306193.02000000,5306193.02000000
2020-09-05,20.99950000,21.55390000,18.01100000,19.46980000,4589184.15000000,4589184.15000000
2020-09-06,19.47370000,23.44180000,18.52830000,23.14200000,8105158.28000000,8105158.28000000
2020-09-07,23.16120000,23.55450000,20.00000000,22.44260000,5454222.91000000,5454222.91000000
2020-09-08,22.44280000,23.42000000,21.27390000,23.28370000,5158563.98000000,5158563.98000000
2020-09-09,23.27450000,24.52010000,22.41390000,24.47160000,4016452.51000000,4016452.51000000
2020-09-10,24.48470000,25.67000000,24.05680000,24.54890000,4199327.55000000,4199327.55000000
2020-09-11,24.55790000,25.69690000,23.06770000,25.39900000,3622605.07000000,3622605.07000000
2020-09-12,25.40000000,28.53050000,25.35750000,28.50500000,6538679.83000000,6538679.83000000
2020-09-13,28.50440000,32.44010000,27.61000000,31.16560000,10646215.66000000,10646215.66000000
2020-09-14,31.16560000,33.38880000,29.00000000,31.25230000,9039644.32000000,9039644.32000000
2020-09-15,31.25460000,31.27800000,26.71230000,27.11810000,7931354.64600000,7931354.64600000
2020-09-16,27.11480000,28.47240000,25.82000000,27.86950000,5777419.75200000,5777419.75200000
2020-09-17,27.85390000,28.83000000,26.05000000,27.09500000,4620518.87400000,4620518.87400000
2020-09-18,27.11060000,28.75000000,26.57080000,27.62900000,4243135.99900000,4243135.99900000
2020-09-19,27.64140000,27.97700000,26.65910000,27.20350000,2431517.15000000,2431517.15000000
2020-09-20,27.20350000,27.32000000,25.12470000,26.31600000,2854262.14500000,2854262.14500000
2020-09-21,26.31670000,26.68000000,22.10000000,23.12320000,5251422.24300000,5251422.24300000
2020-09-22,23.12730000,24.56500000,22.66660000,24.04680000,3289566.92300000,3289566.92300000
2020-09-23,24.04680000,24.34370000,22.45140000,22.83310000,3134141.77400000,3134141.77400000
2020-09-24,22.84480000,24.69990000,22.56610000,24.57450000,3284994.64100000,3284994.64100000
2020-09-25,24.57490000,25.07990000,23.71110000,24.69240000,2826869.58900000,2826869.58900000
2020-09-26,24.69250000,26.46280000,24.47500000,26.19980000,3124585.62100000,3124585.62100000
2020-09-27,26.18850000,26.90000000,25.50120000,26.25100000,2555050.06200000,2555050.06200000
2020-09-28,26.24350000,27.72000000,25.83130000,26.98550000,3220774.85000000,3220774.85000000
2020-09-29,26.99690000,29.00000000,26.86000000,28.89460000,3642915.26800000,3642915.26800000
2020-09-30,28.88140000,29.56460000,27.88130000,29.26560000,3106927.07700000,3106927.07700000
2020-10-01,29.26960000,29.39270000,26.21110000,27.46730000,4045336.88200000,4045336.88200000
2020-10-02,27.45830000,28.36330000,25.66520000,27.33690000,4141965.56600000,4141965.56600000
2020-10-03,27.33380000,28.39970000,27.07010000,28.18670000,2946071.99200000,2946071.99200000
2020-10-04,28.18720000,29.15000000,27.96580000,28.96680000,3102597.66000000,3102597.66000000
2020-10-05,28.98320000,29.26650000,28.06870000,28.61580000,2268257.17100000,2268257.17100000
2020-10-06,28.63300000,28.99000000,27.25000000,27.68120000,2811072.14500000,2811072.14500000
2020-10-07,27.69070000,27.89650000,26.84010000,27.68980000,2059951.00700000,2059951.00700000
2020-10-08,27.69310000,27.81530000,26.49990000,27.74240000,2476236.46100000,2476236.46100000
2020-10-09,27.73420000,28.53680000,27.45480000,28.40760000,2590468.08300000,2590468.08300000
2020-10-10,28.39800000,29.28140000,28.06660000,28.44140000,2405371.45700000,2405371.45700000
2020-10-11,28.41000000,28.72000000,27.87600000,28.52710000,2329452.66600000,2329452.66600000
2020-10-12,28.52000000,31.12990000,28.43380000,30.65030000,4364790.22100000,4364790.22100000
2020-10-13,30.65030000,31.79990000,30.18700000,30.72560000,3337167.87700000,3337167.87700000
2020-10-14,30.72560000,31.33000000,30.37330000,30.83800000,2472670.44900000,2472670.44900000
2020-10-15,30.83800000,31.66630000,30.39900000,31.32560000,2684900.01400000,2684900.01400000
2020-10-16,31.32560000,31.97980000,29.57050000,30.05160000,2971307.36700000,2971307.36700000
2020-10-17,30.05100000,30.56400000,29.65210000,30.24140000,1854975.62300000,1854975.62300000
2020-10-18,30.24230000,31.03540000,30.16500000,30.65930000,2267377.31700000,2267377.31700000
2020-10-19,30.65680000,30.67660000,29.70020000,29.91070000,1752644.99900000,1752644.99900000
2020-10-20,29.90430000,30.08920000,28.50000000,28.82270000,2583242.44000000,2583242.44000000
2020-10-21,28.81310000,30.40740000,28.64060000,29.73290000,2663615.88900000,2663615.88900000
2020-10-22,29.73550000,31.30000000,29.66550000,30.63960000,2830836.33700000,2830836.33700000
2020-10-23,30.63340000,31.20000000,30.06520000,30.63770000,2025854.80100000,2025854.80100000
2020-10-24,30.64610000,30.87810000,30.42430000,30.66390000,1625502.52400000,1625502.52400000
2020-10-25,30.65220000,30.97260000,29.88050000,30.12800000,1486538.46900000,1486538.46900000
2020-10-26,30.13420000,31.43000000,29.96000000,31.04670000,2648020.16500000,2648020.16500000
2020-10-27,31.04360000,32.37880000,30.90000000,31.48260000,2889807.64000000,2889807.64000000
2020-10-28,31.47300000,31.93750000,29.80000000,30.33380000,2208604.60900000,2208604.60900000
2020-10-29,30.32950000,30.42720000,29.47000000,29.87020000,1977911.04000000,1977911.04000000
2020-10-30,29.86960000,30.25960000,27.51110000,28.49090000,3211305.35800000,3211305.35800000
2020-10-31,28.49690000,28.88800000,28.11320000,28.50580000,1986140.31400000,1986140.31400000
2020-11-01,28.50580000,28.67900000,28.00000000,28.53180000,1916131.68100000,1916131.68100000
2020-11-02,28.54850000,29.30790000,27.77820000,27.79830000,2123599.05200000,2123599.05200000
2020-11-03,27.79840000,27.79840000,25.74990000,26.86380000,2591560.85500000,2591560.85500000
2020-11-04,26.87220000,26.97000000,25.90000000,26.96000000,2039985.34000000,2039985.34000000
2020-11-05,26.96070000,27.89470000,26.66010000,27.68750000,2396900.82200000,2396900.82200000
2020-11-06,27.68600000,29.46920000,27.66680000,29.04350000,2741813.96900000,2741813.96900000
2020-11-07,29.03910000,29.89900000,26.85000000,27.76510000,3091788.82400000,3091788.82400000
2020-11-08,27.76280000,28.69430000,27.44900000,28.41010000,2298549.45500000,2298549.45500000
2020-11-09,28.41010000,28.96910000,27.34610000,28.09410000,2148267.46600000,2148267.46600000
2020-11-10,28.08360000,28.48800000,27.61140000,28.21880000,2172598.76900000,2172598.76900000
2020-11-11,28.21830000,28.59990000,27.79660000,28.01600000,1974074.31000000,1974074.31000000
2020-11-12,28.00570000,28.15990000,27.30280000,27.68740000,1661489.28600000,1661489.28600000
2020-11-13,27.70190000,28.51980000,27.52840000,28.19740000,1934234.55600000,1934234.55600000
2020-11-14,28.19740000,28.19740000,27.36840000,27.93110000,1503467.49900000,1503467.49900000
2020-11-15,27.93590000,28.23320000,27.07000000,27.67860000,1442022.54800000,1442022.54800000
2020-11-16,27.68220000,28.22020000,27.44610000,27.94510000,1685368.83500000,1685368.83500000
2020-11-17,27.95880000,28.80000000,27.92620000,28.55520000,2243647.20500000,2243647.20500000
2020-11-18,28.55520000,28.83800000,27.50000000,28.09310000,2220839.93100000,2220839.93100000
2020-11-19,28.10490000,28.36660000,27.61830000,28.13870000,2011350.33700000,2011350.33700000
2020-11-20,28.12660000,29.35160000,28.05980000,28.97150000,2491336.07900000,2491336.07900000
2020-11-21,28.97220000,30.80000000,28.29550000,30.51610000,3160335.47200000,3160335.47200000
2020-11-22,30.51680000,31.12000000,29.00000000,30.02260000,2842370.78300000,2842370.78300000
2020-11-23,30.02910000,31.10000000,29.78600000,30.99500000,2920522.88700000,2920522.88700000
2020-11-24,30.99940000,35.14000000,30.79340000,33.94070000,7296367.36900000,7296367.36900000
2020-11-25,33.94510000,35.43380000,30.43900000,31.29530000,4589237.08200000,4589237.08200000
2020-11-26,31.29500000,31.77080000,26.35000000,28.23560000,6241853.01300000,6241853.01300000
2020-11-27,28.23540000,28.71750000,27.20420000,28.46060000,2317359.79500000,2317359.79500000
2020-11-28,28.46060000,29.61750000,27.90000000,29.17660000,2636652.59400000,2636652.59400000
2020-11-29,29.15520000,30.45000000,28.85440000,30.10450000,2857702.30100000,2857702.30100000
2020-11-30,30.10030000,31.59990000,29.72300000,31.49350000,2978036.22900000,2978036.22900000
2020-12-01,31.49350000,31.88750000,29.17000000,30.19960000,3139022.08300000,3139022.08300000
2020-12-02,30.20030000,30.99930000,29.53060000,30.28750000,2360296.30800000,2360296.30800000
2020-12-03,30.27240000,30.79300000,29.85680000,30.70650000,1924462.46600000,1924462.46600000
2020-12-04,30.70990000,31.13710000,28.70510000,29.02310000,2064574.44500000,2064574.44500000
2020-12-05,29.03150000,30.05880000,28.65880000,29.72800000,1836870.14700000,1836870.14700000
2020-12-06,29.72960000,30.18190000,29.01240000,29.50260000,1330813.89900000,1330813.89900000
2020-12-07,29.49120000,29.66850000,29.06000000,29.37000000,1219543.16600000,1219543.16600000
2020-12-08,29.37050000,29.49980000,27.45000000,27.67050000,1844102.05600000,1844102.05600000
2020-12-09,27.67050000,28.38530000,26.92440000,28.14520000,1635344.18100000,1635344.18100000
2020-12-10,28.14400000,28.29970000,27.39000000,27.69260000,1344683.62700000,1344683.62700000
2020-12-11,27.69500000,27.77000000,26.72730000,27.34190000,1244803.11200000,1244803.11200000
2020-12-12,27.34900000,28.23000000,27.25420000,28.16030000,1293965.51800000,1293965.51800000
2020-12-13,28.16030000,29.26280000,28.00000000,29.15710000,1639495.81600000,1639495.81600000
2020-12-14,29.15990000,30.18840000,28.66690000,30.03380000,2028334.08800000,2028334.08800000
2020-12-15,30.03380000,30.37900000,29.30690000,29.50530000,1624791.81400000,1624791.81400000
2020-12-16,29.50590000,30.61400000,29.02650000,30.55770000,2161816.84200000,2161816.84200000
2020-12-17,30.55240000,31.54890000,29.68910000,30.22550000,3274786.13100000,3274786.13100000
2020-12-18,30.22540000,31.21720000,29.61000000,30.98820000,2045326.34300000,2045326.34300000
2020-12-19,30.98580000,34.23070000,30.88120000,33.31670000,4117460.29300000,4117460.29300000
2020-12-20,33.30180000,35.69000000,32.58990000,34.31480000,4477498.81800000,4477498.81800000
2020-12-21,34.30720000,35.60000000,31.48710000,32.05000000,4558115.88000000,4558115.88000000
2020-12-22,32.05000000,33.80000000,30.47190000,33.51510000,3563635.67300000,3563635.67300000
2020-12-23,33.51120000,34.50500000,30.00000000,31.18430000,3940926.44200000,3940926.44200000
2020-12-24,31.16980000,32.75890000,30.00000000,32.48950000,2999570.85300000,2999570.85300000
2020-12-25,32.49470000,33.49540000,31.73130000,33.19960000,2596272.90500000,2596272.90500000
2020-12-26,33.19960000,34.04950000,32.51000000,33.63610000,2418941.54400000,2418941.54400000
2020-12-27,33.65100000,34.99000000,31.86010000,33.67400000,3747872.71800000,3747872.71800000
2020-12-28,33.67410000,36.15000000,33.31050000,35.95100000,4121783.10300000,4121783.10300000
2020-12-29,35.95070000,39.99990000,35.30150000,39.06670000,7022548.48700000,7022548.48700000
2020-12-30,39.07460000,39.27000000,36.81310000,38.15580000,2424623.46700000,2424623.46700000
2020-12-31,38.15580000,38.21330000,36.51570000,37.35880000,1887715.83500000,1887715.83500000
2021-01-01,37.35960000,38.95900000,36.95550000,37.77620000,2435989.12700000,2435989.12700000
2021-01-02,37.76370000,38.87980000,36.80000000,38.23310000,3018062.20600000,3018062.20600000
2021-01-03,38.23310000,41.70170000,37.76300000,41.25750000,4903626.69700000,4903626.69700000
2021-01-04,41.25600000,43.20390000,38.02000000,41.13330000,5306248.16600000,5306248.16600000
2021-01-05,41.13000000,41.83750000,38.80140000,41.82190000,3513141.34600000,3513141.34600000
2021-01-06,41.82710000,42.26700000,40.45310000,42.24170000,3784444.68700000,3784444.68700000
2021-01-07,42.24400000,44.90000000,41.36600000,43.57280000,5026746.66900000,5026746.66900000
2021-01-08,43.57280000,43.72200000,40.23130000,42.35600000,3548923.78800000,3548923.78800000
2021-01-09,42.34500000,44.05520000,41.50000000,43.84790000,2720363.63600000,2720363.63600000
2021-01-10,43.84790000,45.16200000,40.00000000,42.40310000,4277406.29000000,4277406.29000000
2021-01-11,42.40330000,42.50940000,35.03740000,38.16740000,6372598.99400000,6372598.99400000
2021-01-12,38.16230000,40.19890000,37.00000000,38.25410000,3261261.81000000,3261261.81000000
2021-01-13,38.27030000,40.44990000,37.02000000,40.11140000,3512089.38500000,3512089.38500000
2021-01-14,40.11140000,42.00000000,39.57390000,41.87230000,3306689.93300000,3306689.93300000
2021-01-15,41.87210000,42.56220000,38.66160000,40.86680000,3431358.93600000,3431358.93600000
2021-01-16,40.89510000,44.12000000,40.62500000,43.14200000,3243054.41400000,3243054.41400000
2021-01-17,43.14130000,46.72280000,40.91920000,45.86750000,3878914.29900000,3878914.29900000
2021-01-18,45.86450000,46.88880000,44.02780000,45.34120000,3069449.93800000,3069449.93800000
2021-01-19,45.35920000,47.21870000,41.70000000,42.52410000,5151546.87200000,5151546.87200000
2021-01-20,42.52410000,43.09920000,40.20000000,42.60690000,3709936.49200000,3709936.49200000
2021-01-21,42.60560000,42.71760000,38.20000000,38.63430000,3460575.24200000,3460575.24200000
2021-01-22,38.65960000,41.52800000,36.85180000,40.89360000,3088685.29500000,3088685.29500000
2021-01-23,40.89380000,41.88000000,39.45550000,40.91090000,2531809.64800000,2531809.64800000
2021-01-24,40.91130000,42.20000000,40.31440000,41.82630000,2340747.62300000,2340747.62300000
2021-01-25,41.82700000,43.42410000,40.53640000,41.83470000,2778238.02000000,2778238.02000000
2021-01-26,41.83470000,42.59800000,39.69550000,41.83960000,2758108.62200000,2758108.62200000
2021-01-27,41.83970000,42.09840000,39.61020000,40.88260000,2638401.37800000,2638401.37800000
2021-01-28,40.89570000,43.08500000,40.31700000,42.52540000,2984098.65100000,2984098.65100000
2021-01-29,42.52770000,44.00000000,41.80170000,42.86180000,3433689.48400000,3433689.48400000
2021-01-30,42.86530000,45.10710000,42.59110000,44.78490000,2767954.29100000,2767954.29100000
2021-01-31,44.80220000,45.82690000,43.30000000,44.32920000,2431692.19800000,2431692.19800000
2021-02-01,44.32910000,52.37360000,43.43310000,51.47810000,6095055.41300000,6095055.41300000
2021-02-02,51.47620000,53.00000000,49.15720000,51.00710000,4675040.87700000,4675040.87700000
2021-02-03,51.02900000,52.70000000,49.78230000,52.12000000,2949735.03600000,2949735.03600000
2021-02-04,52.12000000,57.05470000,51.25000000,55.95990000,4004741.29400000,4004741.29400000
2021-02-05,55.95930000,68.73000000,55.92020000,67.70050000,5040545.22300000,5040545.22300000
2021-02-06,67.62170000,75.50000000,61.70000000,72.83560000,8482528.53100000,8482528.53100000
2021-02-07,72.86930000,74.81990000,64.18030000,68.35420000,5969908.44200000,5969908.44200000
2021-02-08,68.35500000,79.88230000,67.61520000,79.83740000,7860567.38900000,7860567.38900000
2021-02-09,79.87340000,116.24000000,78.03810000,107.34690000,12487305.86800000,12487305.86800000
2021-02-10,107.34960000,148.40000000,107.28110000,128.97110000,16613534.27400000,16613534.27400000
2021-02-11,128.94630000,132.80000000,117.72890000,124.08500000,5920400.25500000,5920400.25500000
2021-02-12,124.11290000,141.32000000,120.89000000,136.61390000,5626020.82400000,5626020.82400000
2021-02-13,136.73210000,138.50670000,125.00000000,133.34960000,3785723.40200000,3785723.40200000
2021-02-14,133.34980000,139.00000000,128.46150000,135.86230000,4405507.88500000,4405507.88500000
2021-02-15,135.86230000,139.36900000,118.00000000,130.30300000,4772752.80600000,4772752.80600000
2021-02-16,129.94930000,133.49250000,126.00000000,130.18300000,3258276.71400000,3258276.71400000
2021-02-17,130.18300000,175.99970000,126.75460000,165.32330000,10185662.26000000,10185662.26000000
2021-02-18,165.31760000,199.88000000,162.79690000,195.60000000,11226893.37300000,11226893.37300000
2021-02-19,195.55490000,348.69690000,194.92790000,333.11100000,20188858.19800000,20188858.19800000
2021-02-20,333.22120000,335.00000000,223.00000000,253.00000000,13497656.24700000,13497656.24700000
2021-02-21,253.01000000,309.49950000,249.70440000,295.25970000,10646422.30700000,10646422.30700000
2021-02-22,294.91670000,296.00000000,220.50000000,267.51470000,12604399.40200000,12604399.40200000
2021-02-23,267.17210000,269.44400000,186.10000000,231.36460000,15879767.55900000,15879767.55900000
2021-02-24,231.36460000,281.00000000,213.02570000,254.50560000,11777825.18700000,11777825.18700000
2021-02-25,254.38260000,265.40140000,231.50000000,234.91460000,6871992.79400000,6871992.79400000
2021-02-26,234.76050000,239.40000000,209.10500000,221.71700000,7410706.38500000,7410706.38500000
2021-02-27,221.95920000,237.77000000,219.01100000,225.38530000,4192697.15200000,4192697.15200000
2021-02-28,225.45670000,229.40000000,195.00000000,210.21380000,5674373.24900000,5674373.24900000
2021-03-01,210.11770000,260.00000000,209.12040000,254.96370000,7911568.19400000,7911568.19400000
2021-03-02,254.94860000,264.90000000,227.00000000,239.68410000,5386013.79400000,5386013.79400000
2021-03-03,239.72040000,254.84810000,236.00200000,240.57010000,4278388.73300000,4278388.73300000
2021-03-04,240.48010000,249.98850000,225.53080000,229.63690000,3999983.83600000,3999983.83600000
2021-03-05,229.63690000,232.20000000,215.64390000,225.47140000,3654842.80500000,3654842.80500000
2021-03-06,225.53910000,232.49960000,219.15140000,226.38140000,2663375.53600000,2663375.53600000
2021-03-07,226.38120000,243.95000000,224.95420000,240.11000000,3519962.92900000,3519962.92900000
2021-03-08,240.10390000,243.09860000,228.70290000,240.55090000,3045991.96800000,3045991.96800000
2021-03-09,240.78520000,297.29620000,235.60010000,293.20520000,7937298.70800000,7937298.70800000
2021-03-10,293.13050000,295.50000000,263.81840000,278.44990000,6012304.14800000,6012304.14800000
2021-03-11,278.35220000,315.28550000,272.12000000,290.03010000,6598662.20700000,6598662.20700000
2021-03-12,289.78600000,290.50000000,247.55470000,263.22010000,5905880.87000000,5905880.87000000
2021-03-13,263.19200000,284.28570000,255.42060000,276.28220000,3902398.38600000,3902398.38600000
2021-03-14,276.28920000,276.88470000,263.00030000,263.23800000,2432196.53500000,2432196.53500000
2021-03-15,263.35000000,267.74530000,249.53270000,254.51440000,3362734.14300000,3362734.14300000
2021-03-16,254.38940000,259.78470000,240.19900000,258.53520000,3013229.00000000,3013229.00000000
2021-03-17,258.56110000,272.17870000,248.20010000,269.78960000,2856836.91900000,2856836.91900000
2021-03-18,269.85780000,277.80000000,257.01000000,261.48160000,3152509.58900000,3152509.58900000
2021-03-19,261.51570000,269.00000000,255.00000000,262.93500000,2262870.65300000,2262870.65300000
2021-03-20,263.10830000,274.68050000,261.40000000,264.30230000,2377018.11000000,2377018.11000000
2021-03-21,264.22130000,268.03050000,257.00010000,264.65130000,1973476.75400000,1973476.75400000
2021-03-22,264.71520000,277.00000000,252.91640000,254.79760000,3265655.83100000,3265655.83100000
2021-03-23,254.96890000,262.97000000,251.83800000,255.46460000,2587450.73200000,2587450.73200000
2021-03-24,255.51910000,268.70620000,240.33330000,248.52360000,3270691.79500000,3270691.79500000
2021-03-25,248.53450000,250.09120000,224.96860000,233.94660000,3498082.82700000,3498082.82700000
2021-03-26,234.00240000,255.21130000,233.81140000,255.21050000,2635329.15500000,2635329.15500000
2021-03-27,255.12010000,276.00000000,249.50010000,269.22340000,3089181.84800000,3089181.84800000
2021-03-28,269.28640000,281.39390000,261.00000000,268.42630000,3272613.75500000,3272613.75500000
2021-03-29,268.62340000,277.98130000,264.45850000,275.29910000,2728496.99000000,2728496.99000000
2021-03-30,275.29860000,311.53250000,271.28570000,311.29620000,5532768.33000000,5532768.33000000
2021-03-31,311.29620000,316.69970000,284.00000000,302.37240000,4719335.50600000,4719335.50600000
2021-04-01,302.45910000,339.00000000,300.70000000,334.79910000,4390708.58100000,4390708.58100000
2021-04-02,334.67060000,356.98820000,324.61620000,338.29320000,4205858.47800000,4205858.47800000
2021-04-03,338.29320000,349.13470000,315.91000000,321.94970000,3099870.84800000,3099870.84800000
2021-04-04,321.95970000,352.32750000,316.00000000,348.86170000,2730876.03000000,2730876.03000000
2021-04-05,348.87050000,380.00000000,335.84420000,368.02630000,3473780.05500000,3473780.05500000
2021-04-06,368.15060000,411.75500000,363.83330000,403.36480000,4481056.43600000,4481056.43600000
2021-04-07,403.26070000,414.38030000,356.00000000,375.55380000,6179859.70800000,6179859.70800000
2021-04-08,375.55380000,422.63230000,371.78000000,418.70480000,4092498.63800000,4092498.63800000
2021-04-09,418.70470000,453.99370000,403.19000000,453.99370000,3670424.43300000,3670424.43300000
2021-04-10,453.98980000,487.40620000,450.00000000,471.29750000,4659107.21200000,4659107.21200000
2021-04-11,471.29740000,529.21100000,458.01650000,525.92750000,3644396.11000000,3644396.11000000
2021-04-12,525.92750000,638.56730000,515.10000000,596.71040000,9279328.84000000,9279328.84000000
2021-04-13,596.78780000,602.78710000,530.22880000,551.64420000,5447746.54400000,5447746.54400000
2021-04-14,551.39560000,590.53690000,521.13130000,550.01820000,4213337.25100000,4213337.25100000
2021-04-15,550.01820000,556.90000000,533.71660000,541.88240000,2306850.04500000,2306850.04500000
2021-04-16,541.83510000,547.60740000,489.73560000,508.27430000,4192218.46200000,4192218.46200000
2021-04-17,508.26140000,547.95000000,506.00000000,514.68610000,2949040.22100000,2949040.22100000
2021-04-18,514.81780000,520.42370000,428.00000000,481.43670000,4468597.46000000,4468597.46000000
2021-04-19,481.51120000,540.00000000,467.88460000,504.03220000,5031325.71300000,5031325.71300000
2021-04-20,504.03220000,589.50000000,470.20700000,586.36350000,5730895.32500000,5730895.32500000
2021-04-21,586.52010000,613.89750000,535.91860000,543.63270000,5685067.89400000,5685067.89400000
2021-04-22,543.68270000,582.70510000,480.00000000,505.24110000,6375583.13900000,6375583.13900000
2021-04-23,505.22820000,530.00000000,450.00000000,526.53570000,6855584.92100000,6855584.92100000
2021-04-24,526.43190000,528.80880000,482.30520000,496.99200000,3005329.07500000,3005329.07500000
2021-04-25,496.99200000,517.74000000,478.01000000,505.00000000,2489756.62520000,2489756.62520000
2021-04-26,505.00000000,550.00000000,501.50000000,535.33000000,3098650.63510000,3098650.63510000
2021-04-27,535.33000000,579.50000000,525.00000000,568.78000000,2807308.61980000,2807308.61980000
2021-04-28,568.78000000,578.88000000,538.00000000,562.78000000,2384514.88520000,2384514.88520000
2021-04-29,562.78000000,615.29000000,554.00000000,599.70000000,4336516.33470000,4336516.33470000
2021-04-30,599.66000000,628.00000000,585.72000000,622.65000000,3430512.40250000,3430512.40250000
2021-05-01,622.64000000,645.57000000,609.21000000,620.00000000,2427568.39090000,2427568.39090000
2021-05-02,620.00000000,629.00000000,595.30000000,621.78000000,2066258.28440000,2066258.28440000
2021-05-03,621.77000000,680.00000000,621.22000000,676.15000000,2873379.61700000,2873379.61700000
2021-05-04,676.15000000,677.71000000,604.14000000,609.30000000,3765315.69510000,3765315.69510000
2021-05-05,609.41000000,656.67000000,605.00000000,651.10000000,2270137.47320000,2270137.47320000
2021-05-06,651.10000000,653.77000000,620.00000000,633.99000000,2065376.54420000,2065376.54420000
2021-05-07,634.03000000,644.02000000,611.43000000,624.30000000,1979435.95840000,1979435.95840000
2021-05-08,624.30000000,657.91000000,618.36000000,646.10000000,2186084.77490000,2186084.77490000
2021-05-09,646.07000000,679.00000000,630.54000000,661.74000000,2343402.12190000,2343402.12190000
2021-05-10,661.74000000,691.77000000,588.00000000,631.10000000,3074645.06920000,3074645.06920000
2021-05-11,631.16000000,673.00000000,621.11000000,671.91000000,2640713.32700000,2640713.32700000
2021-05-12,671.90000000,684.91000000,581.40000000,594.65000000,2813834.81850000,2813834.81850000
2021-05-13,594.20000000,633.50000000,526.60000000,571.10000000,5485323.70470000,5485323.70470000
2021-05-14,571.10000000,615.00000000,566.00000000,602.61000000,2187570.29960000,2187570.29960000
2021-05-15,602.61000000,611.31000000,560.00000000,563.41000000,2259793.58250000,2259793.58250000
2021-05-16,563.42000000,606.78000000,534.88000000,564.32000000,2939528.17740000,2939528.17740000
2021-05-17,564.66000000,564.66000000,483.00000000,512.07000000,4029118.35270000,4029118.35270000
2021-05-18,512.06000000,534.00000000,490.00000000,507.88000000,2720596.43740000,2720596.43740000
2021-05-19,507.90000000,516.50000000,280.00000000,334.80000000,11497731.37740000,11497731.37740000
2021-05-20,334.80000000,423.83000000,284.27000000,391.17000000,8116861.42240000,8116861.42240000
2021-05-21,391.37000000,415.71000000,274.00000000,326.01000000,8827845.38580000,8827845.38580000
2021-05-22,326.23000000,335.82000000,284.55000000,299.76000000,5303046.01200000,5303046.01200000
2021-05-23,299.75000000,313.45000000,211.70000000,260.72000000,8801148.18320000,8801148.18320000
2021-05-24,260.72000000,350.00000000,257.40000000,345.64000000,7794003.64100000,7794003.64100000
2021-05-25,345.64000000,378.12000000,306.61000000,343.18000000,7638986.01320000,7638986.01320000
2021-05-26,343.18000000,388.28000000,336.21000000,379.16000000,5336916.07220000,5336916.07220000
2021-05-27,379.16000000,387.56000000,340.00000000,369.67000000,4275801.50140000,4275801.50140000
2021-05-28,369.83000000,373.68000000,312.30000000,328.82000000,5253443.36190000,5253443.36190000
2021-05-29,328.86000000,347.00000000,295.22000000,305.04000000,3764083.29230000,3764083.29230000
2021-05-30,305.18000000,338.32000000,291.06000000,325.57000000,3739673.11380000,3739673.11380000
2021-05-31,325.55000000,356.00000000,307.55000000,353.33000000,4110136.87440000,4110136.87440000
2021-06-01,353.37000000,364.40000000,339.48000000,362.39000000,3652280.69160000,3652280.69160000
2021-06-02,362.36000000,419.43000000,350.43000000,401.54000000,4377024.66850000,4377024.66850000
2021-06-03,401.52000000,433.00000000,391.32000000,428.48000000,4214469.41500000,4214469.41500000
2021-06-04,428.46000000,429.50000000,365.00000000,390.70000000,4926793.44990000,4926793.44990000
2021-06-05,390.68000000,426.00000000,373.80000000,390.08000000,3977579.34700000,3977579.34700000
2021-06-06,390.05000000,400.29000000,381.50000000,393.73000000,1862065.43180000,1862065.43180000
2021-06-07,393.82000000,407.42000000,353.53000000,357.96000000,3028938.84450000,3028938.84450000
2021-06-08,357.94000000,366.33000000,319.18000000,352.50000000,4986849.85120000,4986849.85120000
2021-06-09,352.50000000,378.77000000,333.56000000,375.54000000,3494285.66900000,3494285.66900000
2021-06-10,375.56000000,377.55000000,344.13000000,351.94000000,2417974.64990000,2417974.64990000
2021-06-11,351.96000000,366.28000000,340.84000000,345.75000000,2215352.72300000,2215352.72300000
2021-06-12,345.76000000,348.88000000,325.30000000,343.70000000,2074837.00120000,2074837.00120000
2021-06-13,343.68000000,369.00000000,330.48000000,365.80000000,1958071.36560000,1958071.36560000
2021-06-14,365.81000000,377.33000000,355.07000000,370.19000000,1978613.23840000,1978613.23840000
2021-06-15,370.20000000,379.58000000,363.23000000,366.48000000,1545190.43690000,1545190.43690000
2021-06-16,366.48000000,366.77000000,343.35000000,347.22000000,1531522.20620000,1531522.20620000
2021-06-17,347.22000000,362.47000000,345.85000000,352.85000000,1239146.52730000,1239146.52730000
2021-06-18,352.84000000,357.12000000,327.22000000,337.16000000,1583897.27910000,1583897.27910000
2021-06-19,337.21000000,345.00000000,331.11000000,334.01000000,1067456.21190000,1067456.21190000
2021-06-20,334.03000000,340.57000000,310.13000000,339.08000000,1618406.00510000,1618406.00510000
2021-06-21,339.09000000,342.00000000,268.57000000,270.76000000,3729539.01670000,3729539.01670000
2021-06-22,270.76000000,291.50000000,225.42000000,262.10000000,5570573.48510000,5570573.48510000
2021-06-23,262.10000000,309.75000000,251.41000000,296.25000000,3319089.77700000,3319089.77700000
2021-06-24,296.17000000,316.49000000,281.50000000,308.62000000,2635799.19600000,2635799.19600000
2021-06-25,308.60000000,314.84000000,275.24000000,280.81000000,2711888.87090000,2711888.87090000
2021-06-26,280.89000000,290.33000000,264.26000000,279.65000000,2263064.36330000,2263064.36330000
2021-06-27,279.58000000,291.70000000,269.72000000,290.87000000,1539903.02680000,1539903.02680000
2021-06-28,290.89000000,299.96000000,283.55000000,290.00000000,1884580.15570000,1884580.15570000
2021-06-29,290.00000000,315.60000000,289.19000000,300.79000000,2126079.34160000,2126079.34160000
2021-06-30,300.79000000,304.88000000,281.53000000,303.71000000,2061866.47000000,2061866.47000000
2021-07-01,303.75000000,304.00000000,281.00000000,287.43000000,1388151.02650000,1388151.02650000
2021-07-02,287.49000000,290.74000000,276.40000000,287.17000000,1003331.22690000,1003331.22690000
2021-07-03,287.17000000,303.21000000,282.77000000,298.13000000,1016731.56620000,1016731.56620000
2021-07-04,298.18000000,314.91000000,292.58000000,307.62000000,1309414.02550000,1309414.02550000
2021-07-05,307.63000000,307.68000000,291.00000000,302.02000000,1403218.24080000,1403218.24080000
2021-07-06,302.04000000,322.50000000,301.80000000,319.92000000,2066912.35950000,2066912.35950000
2021-07-07,319.91000000,340.00000000,318.23000000,327.51000000,1779058.29370000,1779058.29370000
2021-07-08,327.51000000,328.21000000,304.40000000,310.14000000,1644090.85010000,1644090.85010000
2021-07-09,310.08000000,319.69000000,301.43000000,317.09000000,1106411.78600000,1106411.78600000
2021-07-10,317.09000000,321.44000000,310.57000000,316.12000000,818970.92250000,818970.92250000
2021-07-11,316.12000000,326.82000000,312.21000000,322.16000000,799617.83500000,799617.83500000
2021-07-12,322.17000000,334.37000000,308.57000000,316.12000000,1322836.65750000,1322836.65750000
2021-07-13,316.11000000,318.33000000,305.20000000,308.94000000,930032.31550000,930032.31550000
2021-07-14,308.98000000,313.46000000,290.24000000,309.40000000,1430288.40260000,1430288.40260000
2021-07-15,309.33000000,324.33000000,301.32000000,316.11000000,2185210.83980000,2185210.83980000
2021-07-16,316.12000000,323.50000000,301.50000000,302.88000000,1456105.40190000,1456105.40190000
2021-07-17,302.94000000,306.71000000,295.00000000,300.52000000,1030879.96110000,1030879.96110000
2021-07-18,300.56000000,309.18000000,298.70000000,302.10000000,815497.35270000,815497.35270000
2021-07-19,302.04000000,303.94000000,278.85000000,280.54000000,1318041.70740000,1318041.70740000
2021-07-20,280.54000000,283.60000000,254.52000000,264.44000000,1796600.58030000,1796600.58030000
2021-07-21,264.43000000,298.92000000,261.02000000,293.26000000,1740736.02260000,1740736.02260000
2021-07-22,293.27000000,298.44000000,287.30000000,293.36000000,1173507.94320000,1173507.94320000
2021-07-23,293.39000000,301.50000000,281.01000000,299.27000000,1640999.53890000,1640999.53890000
2021-07-24,299.29000000,307.79000000,295.43000000,301.56000000,1438901.38110000,1438901.38110000
2021-07-25,301.53000000,304.44000000,292.34000000,302.56000000,1083557.27700000,1083557.27700000
2021-07-26,302.56000000,328.00000000,301.00000000,304.00000000,2575554.28020000,2575554.28020000
2021-07-27,304.00000000,318.41000000,297.61000000,313.48000000,1678708.06350000,1678708.06350000
2021-07-28,313.47000000,318.68000000,308.00000000,313.80000000,1308249.13000000,1308249.13000000
2021-07-29,313.84000000,320.31000000,308.60000000,317.03000000,998946.18390000,998946.18390000
2021-07-30,317.10000000,325.66000000,306.16000000,322.58000000,1297421.64450000,1297421.64450000
2021-07-31,322.58000000,338.44000000,317.21000000,332.38000000,1393753.96500000,1393753.96500000
2021-08-01,332.38000000,347.80000000,328.99000000,332.59000000,1514514.21780000,1514514.21780000
2021-08-02,332.63000000,338.29000000,326.17000000,330.55000000,1018741.30980000,1018741.30980000
2021-08-03,330.53000000,334.73000000,317.02000000,323.43000000,1060806.34470000,1060806.34470000
2021-08-04,323.44000000,337.39000000,319.78000000,334.77000000,969671.42280000,969671.42280000
2021-08-05,334.78000000,340.17000000,323.37000000,337.91000000,1263649.49260000,1263649.49260000
2021-08-06,337.92000000,347.14000000,331.12000000,342.39000000,1267498.91780000,1267498.91780000
2021-08-07,342.39000000,359.74000000,340.34000000,356.18000000,1545801.18800000,1545801.18800000
2021-08-08,356.18000000,359.87000000,337.00000000,341.79000000,1275768.15400000,1275768.15400000
2021-08-09,341.79000000,357.70000000,333.15000000,354.32000000,1284975.51320000,1284975.51320000
2021-08-10,354.32000000,376.60000000,348.00000000,371.92000000,1660844.19180000,1660844.19180000
2021-08-11,371.95000000,408.72000000,371.09000000,390.96000000,1911892.68750000,1911892.68750000
2021-08-12,390.92000000,406.18000000,371.59000000,385.66000000,1835305.93820000,1835305.93820000
2021-08-13,385.69000000,411.46000000,382.91000000,410.76000000,1261827.29250000,1261827.29250000
2021-08-14,410.74000000,418.80000000,400.00000000,408.67000000,1439286.50640000,1439286.50640000
2021-08-15,408.66000000,415.16000000,395.88000000,414.05000000,1238115.41780000,1238115.41780000
2021-08-16,414.05000000,437.00000000,410.79000000,415.72000000,1850324.19060000,1850324.19060000
2021-08-17,415.72000000,435.77000000,398.77000000,401.80000000,1984029.27500000,1984029.27500000
2021-08-18,401.86000000,412.36000000,385.47000000,396.15000000,1750539.53850000,1750539.53850000
2021-08-19,396.23000000,431.70000000,390.89000000,431.27000000,1852873.47140000,1852873.47140000
2021-08-20,431.21000000,458.00000000,421.84000000,454.93000000,1691101.51020000,1691101.51020000
2021-08-21,454.92000000,460.00000000,443.47000000,448.74000000,1426818.89780000,1426818.89780000
2021-08-22,448.74000000,458.34000000,437.77000000,448.68000000,1135535.80760000,1135535.80760000
2021-08-23,448.69000000,509.71000000,445.89000000,499.06000000,2660809.02190000,2660809.02190000
2021-08-24,499.06000000,504.20000000,461.12000000,471.62000000,2080297.69790000,2080297.69790000
2021-08-25,471.62000000,507.00000000,470.00000000,503.19000000,2242911.03330000,2242911.03330000
2021-08-26,503.17000000,518.94000000,471.20000000,478.10000000,2229652.23100000,2229652.23100000
2021-08-27,478.20000000,495.00000000,467.10000000,494.50000000,1549790.92460000,1549790.92460000
2021-08-28,494.60000000,497.00000000,482.30000000,486.20000000,891854.58380000,891854.58380000
2021-08-29,486.10000000,495.50000000,475.00000000,479.70000000,910773.93900000,910773.93900000
2021-08-30,479.70000000,480.90000000,457.00000000,460.30000000,1125497.96120000,1125497.96120000
2021-08-31,460.20000000,477.80000000,448.20000000,463.90000000,1477345.55520000,1477345.55520000
2021-09-01,463.90000000,490.00000000,455.10000000,489.40000000,1320635.94000000,1320635.94000000
2021-09-02,489.50000000,504.70000000,478.00000000,483.70000000,1245680.69880000,1245680.69880000
2021-09-03,483.60000000,495.00000000,473.00000000,488.50000000,1094104.74200000,1094104.74200000
2021-09-04,488.40000000,509.90000000,485.20000000,497.70000000,1248261.62770000,1248261.62770000
2021-09-05,497.80000000,505.20000000,488.40000000,504.80000000,878406.04500000,878406.04500000
2021-09-06,504.90000000,509.00000000,486.90000000,496.10000000,1121398.97800000,1121398.97800000
2021-09-07,496.10000000,504.80000000,369.00000000,418.70000000,3358688.12290000,3358688.12290000
2021-09-08,418.70000000,425.50000000,382.30000000,415.00000000,2058507.11000000,2058507.11000000
2021-09-09,415.20000000,436.10000000,403.40000000,421.30000000,1543293.22100000,1543293.22100000
2021-09-10,421.30000000,439.40000000,393.20000000,401.40000000,1528906.75100000,1528906.75100000
2021-09-11,401.40000000,415.30000000,399.30000000,405.10000000,922767.05500000,922767.05500000
2021-09-12,405.00000000,421.50000000,397.40000000,416.30000000,981402.88300000,981402.88300000
2021-09-13,416.40000000,419.70000000,383.00000000,399.10000000,1531654.71900000,1531654.71900000
2021-09-14,399.10000000,414.70000000,395.70000000,414.30000000,930635.79200000,930635.79200000
2021-09-15,414.30000000,438.00000000,409.60000000,431.30000000,1182055.63100000,1182055.63100000
2021-09-16,431.20000000,435.00000000,415.60000000,424.30000000,1037049.02000000,1037049.02000000
2021-09-17,424.20000000,426.00000000,400.40000000,406.60000000,844137.72700000,844137.72700000
2021-09-18,406.80000000,420.00000000,401.50000000,410.70000000,733479.73900000,733479.73900000
2021-09-19,410.80000000,419.00000000,402.80000000,408.60000000,743095.72100000,743095.72100000
2021-09-20,408.50000000,410.10000000,353.70000000,364.10000000,1865673.94010000,1865673.94010000
2021-09-21,364.10000000,376.00000000,336.80000000,344.40000000,1577059.12610000,1577059.12610000
2021-09-22,344.40000000,379.90000000,342.30000000,379.00000000,1085212.97200000,1085212.97200000
2021-09-23,378.90000000,384.60000000,369.00000000,383.50000000,992215.17600000,992215.17600000
2021-09-24,383.50000000,385.30000000,333.60000000,355.00000000,1718950.21900000,1718950.21900000
2021-09-25,355.00000000,360.80000000,343.20000000,349.60000000,916797.61700000,916797.61700000
2021-09-26,349.60000000,353.00000000,320.00000000,344.00000000,1538759.16180000,1538759.16180000
2021-09-27,344.00000000,357.60000000,335.00000000,335.50000000,956544.06900000,956544.06900000
2021-09-28,335.50000000,344.60000000,330.00000000,333.00000000,922077.22700000,922077.22700000
2021-09-29,332.90000000,375.40000000,331.20000000,367.70000000,1696420.04500000,1696420.04500000
2021-09-30,367.70000000,388.80000000,366.40000000,387.50000000,1163674.20600000,1163674.20600000
2021-10-01,387.50000000,423.40000000,381.50000000,421.50000000,1440336.04100000,1440336.04100000
2021-10-02,421.40000000,438.20000000,410.60000000,427.10000000,1039006.51800000,1039006.51800000
2021-10-03,427.00000000,437.20000000,421.50000000,430.50000000,820910.79200000,820910.79200000
2021-10-04,430.50000000,430.90000000,410.90000000,426.30000000,974423.35900000,974423.35900000
2021-10-05,426.40000000,444.00000000,424.00000000,442.10000000,883699.82800000,883699.82800000
2021-10-06,442.00000000,442.80000000,414.70000000,434.90000000,1245088.68300000,1245088.68300000
2021-10-07,434.90000000,450.00000000,423.60000000,438.50000000,1159098.74470000,1159098.74470000
2021-10-08,438.50000000,441.60000000,415.70000000,419.20000000,1505999.18800000,1505999.18800000
2021-10-09,419.30000000,426.00000000,416.00000000,421.90000000,632123.52600000,632123.52600000
2021-10-10,421.90000000,422.30000000,402.00000000,404.10000000,729380.96300000,729380.96300000
2021-10-11,404.00000000,424.00000000,399.80000000,413.10000000,759924.88400000,759924.88400000
2021-10-12,413.20000000,444.50000000,392.20000000,444.20000000,1966630.18300000,1966630.18300000
2021-10-13,444.10000000,471.80000000,432.30000000,470.80000000,3383303.43900000,3383303.43900000
2021-10-14,470.70000000,482.80000000,461.20000000,472.70000000,1431305.92500000,1431305.92500000
2021-10-15,472.70000000,478.00000000,450.80000000,474.50000000,1508188.78700000,1508188.78700000
2021-10-16,474.50000000,484.70000000,423.00000000,465.80000000,1040477.57100000,1040477.57100000
2021-10-17,465.80000000,472.40000000,454.20000000,470.90000000,890609.84900000,890609.84900000
2021-10-18,471.00000000,487.60000000,466.40000000,484.90000000,1091006.03100000,1091006.03100000
2021-10-19,485.00000000,497.60000000,480.30000000,488.10000000,912494.96900000,912494.96900000
2021-10-20,488.10000000,505.90000000,481.30000000,501.30000000,946412.94000000,946412.94000000
2021-10-21,501.30000000,504.90000000,466.00000000,470.90000000,1851835.92900000,1851835.92900000
2021-10-22,470.90000000,498.00000000,470.70000000,479.30000000,1118876.63800000,1118876.63800000
2021-10-23,479.30000000,485.70000000,472.60000000,485.50000000,521970.79500000,521970.79500000
2021-10-24,485.50000000,486.50000000,467.80000000,475.80000000,590939.03100000,590939.03100000
2021-10-25,475.80000000,488.60000000,474.70000000,485.10000000,632116.76100000,632116.76100000
2021-10-26,485.10000000,489.80000000,473.50000000,478.10000000,702610.18400000,702610.18400000
2021-10-27,478.20000000,486.40000000,435.30000000,448.70000000,1370950.21400000,1370950.21400000
2021-10-28,448.70000000,494.80000000,446.40000000,491.90000000,1523900.00600000,1523900.00600000
2021-10-29,492.00000000,533.61000000,487.60000000,530.30000000,1411851.43940000,1411851.43940000
2021-10-30,530.30000000,540.50000000,510.20000000,528.30000000,1095033.12640000,1095033.12640000
2021-10-31,528.40000000,535.00000000,508.90000000,524.60000000,1018991.81900000,1018991.81900000
2021-11-01,524.60000000,551.90000000,511.00000000,551.30000000,1274272.08510000,1274272.08510000
2021-11-02,551.30000000,564.00000000,537.40000000,554.40000000,1153919.13990000,1153919.13990000
2021-11-03,554.40000000,570.10000000,537.50000000,568.40000000,1262766.59960000,1262766.59960000
2021-11-04,568.40000000,568.90000000,543.60000000,558.70000000,1052950.03300000,1052950.03300000
2021-11-05,558.80000000,616.90000000,554.10000000,607.30000000,1989945.54330000,1989945.54330000
2021-11-06,607.30000000,637.80000000,595.10000000,637.70000000,1366385.95700000,1366385.95700000
2021-11-07,637.70000000,669.30000000,630.50000000,649.60000000,1476373.24870000,1476373.24870000
2021-11-08,649.50000000,655.70000000,631.00000000,653.50000000,1290096.38400000,1290096.38400000
2021-11-09,653.60000000,656.70000000,631.90000000,635.00000000,879119.39800000,879119.39800000
2021-11-10,635.00000000,662.90000000,573.00000000,614.10000000,1814654.08600000,1814654.08600000
2021-11-11,614.20000000,635.20000000,605.70000000,628.40000000,1019740.94900000,1019740.94900000
2021-11-12,628.40000000,634.50000000,602.70000000,626.90000000,1012909.08800000,1012909.08800000
2021-11-13,626.80000000,655.00000000,619.60000000,649.50000000,900107.75700000,900107.75700000
2021-11-14,649.50000000,661.00000000,634.50000000,650.80000000,933689.13900000,933689.13900000
2021-11-15,650.70000000,659.50000000,630.30000000,633.80000000,953989.63400000,953989.63400000
2021-11-16,633.90000000,635.20000000,573.70000000,588.70000000,2200954.90300000,2200954.90300000
2021-11-17,588.80000000,592.60000000,553.70000000,578.00000000,1453408.55500000,1453408.55500000
2021-11-18,577.90000000,588.20000000,510.00000000,531.80000000,1750338.42800000,1750338.42800000
2021-11-19,531.90000000,585.50000000,523.90000000,581.00000000,1300787.95800000,1300787.95800000
2021-11-20,581.00000000,604.80000000,572.60000000,604.30000000,1119517.13100000,1119517.13100000
2021-11-21,604.40000000,605.20000000,579.60000000,584.00000000,970133.80700000,970133.80700000
2021-11-22,584.00000000,585.50000000,553.80000000,559.30000000,1141002.75500000,1141002.75500000
2021-11-23,559.40000000,605.00000000,557.90000000,591.10000000,1202541.91700000,1202541.91700000
2021-11-24,591.10000000,594.30000000,576.80000000,590.30000000,1079667.80300000,1079667.80300000
2021-11-25,590.40000000,650.00000000,587.40000000,639.10000000,1536194.04200000,1536194.04200000
2021-11-26,639.10000000,657.90000000,564.20000000,587.30000000,2413553.43900000,2413553.43900000
2021-11-27,587.20000000,621.30000000,582.60000000,599.90000000,1183849.36000000,1183849.36000000
2021-11-28,599.90000000,612.90000000,571.60000000,611.30000000,1281130.35100000,1281130.35100000
2021-11-29,611.40000000,629.00000000,601.60000000,623.40000000,1090520.86400000,1090520.86400000
2021-11-30,623.50000000,635.00000000,602.60000000,622.50000000,1380656.20500000,1380656.20500000
2021-12-01,622.50000000,649.80000000,618.20000000,627.50000000,1384101.08700000,1384101.08700000
2021-12-02,627.50000000,630.90000000,605.50000000,619.90000000,1104596.88100000,1104596.88100000
2021-12-03,619.90000000,628.00000000,574.00000000,595.00000000,1250950.16700000,1250950.16700000
2021-12-04,595.10000000,596.00000000,489.20000000,568.60000000,2611783.64700000,2611783.64700000
2021-12-05,568.50000000,582.00000000,539.90000000,557.80000000,1258393.72000000,1258393.72000000
2021-12-06,557.70000000,593.00000000,533.00000000,587.50000000,2005928.93200000,2005928.93200000
2021-12-07,587.50000000,594.10000000,572.20000000,578.70000000,1017363.94300000,1017363.94300000
2021-12-08,578.70000000,607.60000000,567.00000000,607.20000000,1113215.44900000,1113215.44900000
2021-12-09,607.30000000,617.00000000,567.70000000,570.20000000,1096635.01200000,1096635.01200000
2021-12-10,570.20000000,595.10000000,550.20000000,552.40000000,1083121.56400000,1083121.56400000
2021-12-11,552.50000000,572.70000000,542.00000000,564.50000000,950448.47400000,950448.47400000
2021-12-12,564.60000000,574.80000000,559.30000000,570.30000000,544940.33600000,544940.33600000
2021-12-13,570.30000000,572.20000000,511.10000000,521.00000000,1037150.70500000,1037150.70500000
2021-12-14,521.00000000,535.80000000,509.70000000,528.10000000,1263782.10100000,1263782.10100000
2021-12-15,528.00000000,546.70000000,501.60000000,541.10000000,1147515.30500000,1147515.30500000
2021-12-16,541.10000000,545.30000000,524.80000000,526.20000000,735504.68200000,735504.68200000
2021-12-17,526.20000000,535.80000000,511.00000000,525.50000000,921732.76300000,921732.76300000
2021-12-18,525.50000000,537.80000000,515.00000000,533.90000000,580436.09800000,580436.09800000
2021-12-19,533.90000000,544.40000000,527.10000000,529.80000000,540256.68400000,540256.68400000
2021-12-20,529.80000000,534.80000000,505.60000000,524.00000000,727454.21200000,727454.21200000
2021-12-21,524.00000000,535.70000000,509.80000000,528.30000000,686439.70800000,686439.70800000
2021-12-22,528.40000000,545.00000000,527.20000000,533.60000000,721787.10900000,721787.10900000
2021-12-23,533.60000000,552.60000000,524.30000000,549.00000000,844421.95400000,844421.95400000
2021-12-24,549.00000000,554.40000000,537.40000000,542.10000000,665688.41500000,665688.41500000
2021-12-25,542.10000000,550.50000000,539.10000000,547.40000000,455399.79300000,455399.79300000
2021-12-26,547.40000000,549.30000000,535.60000000,546.40000000,536338.77500000,536338.77500000
2021-12-27,546.50000000,572.00000000,543.10000000,563.70000000,803473.15500000,803473.15500000
2021-12-28,563.70000000,563.70000000,528.40000000,534.20000000,1002556.27100000,1002556.27100000
2021-12-29,534.20000000,540.50000000,510.30000000,514.50000000,740117.86700000,740117.86700000
2021-12-30,514.50000000,527.80000000,508.30000000,518.50000000,639166.71700000,639166.71700000
2021-12-31,518.60000000,528.30000000,506.00000000,511.40000000,677844.74900000,677844.74900000
2022-01-01,511.50000000,527.90000000,511.40000000,527.30000000,446171.54100000,446171.54100000
2022-01-02,527.40000000,533.90000000,518.00000000,531.00000000,404475.54100000,404475.54100000
2022-01-03,531.00000000,532.80000000,510.00000000,511.90000000,663841.02100000,663841.02100000
2022-01-04,511.90000000,520.00000000,502.00000000,506.90000000,687436.63800000,687436.63800000
2022-01-05,506.90000000,516.00000000,457.00000000,474.10000000,985152.00400000,985152.00400000
2022-01-06,474.20000000,481.30000000,458.80000000,472.60000000,986669.90000000,986669.90000000
2022-01-07,472.60000000,473.90000000,437.50000000,448.10000000,1331260.03000000,1331260.03000000
2022-01-08,448.10000000,459.70000000,415.00000000,429.90000000,1062788.58900000,1062788.58900000
2022-01-09,429.80000000,444.50000000,427.00000000,438.70000000,688777.34700000,688777.34700000
2022-01-10,438.80000000,445.50000000,405.60000000,424.70000000,1221504.73800000,1221504.73800000
2022-01-11,424.80000000,467.70000000,421.30000000,463.60000000,1266092.81900000,1266092.81900000
2022-01-12,463.60000000,489.90000000,456.60000000,487.80000000,836124.92800000,836124.92800000
2022-01-13,487.80000000,489.80000000,466.50000000,475.20000000,908052.93700000,908052.93700000
2022-01-14,475.10000000,492.30000000,467.60000000,490.00000000,797022.18100000,797022.18100000
2022-01-15,489.90000000,500.90000000,485.00000000,494.50000000,548626.20300000,548626.20300000
2022-01-16,494.50000000,506.00000000,488.60000000,498.60000000,507042.33200000,507042.33200000
2022-01-17,498.60000000,499.10000000,466.90000000,475.20000000,757806.03500000,757806.03500000
2022-01-18,475.10000000,479.60000000,457.20000000,471.40000000,707501.57700000,707501.57700000
2022-01-19,471.50000000,473.10000000,453.70000000,461.90000000,585750.30000000,585750.30000000
2022-01-20,461.90000000,478.70000000,438.20000000,440.20000000,1137854.89400000,1137854.89400000
2022-01-21,440.20000000,444.60000000,373.70000000,383.90000000,1891179.59400000,1891179.59400000
2022-01-22,383.80000000,389.60000000,336.30000000,358.30000000,2635609.38600000,2635609.38600000
2022-01-23,358.30000000,389.00000000,356.30000000,383.90000000,1297043.92300000,1297043.92300000
2022-01-24,384.00000000,384.00000000,336.00000000,371.30000000,1900214.42000000,1900214.42000000
2022-01-25,371.20000000,389.50000000,357.40000000,385.10000000,1006111.15500000,1006111.15500000
2022-01-26,385.10000000,402.40000000,366.40000000,375.10000000,1073520.17200000,1073520.17200000
2022-01-27,375.10000000,393.80000000,360.00000000,389.90000000,962060.88800000,962060.88800000
2022-01-28,389.90000000,395.90000000,375.80000000,385.90000000,752320.61500000,752320.61500000
2022-01-29,385.90000000,397.30000000,380.70000000,389.30000000,534573.78200000,534573.78200000
2022-01-30,389.40000000,389.60000000,372.20000000,377.20000000,536436.12300000,536436.12300000
2022-01-31,377.20000000,385.40000000,365.20000000,374.30000000,620113.73400000,620113.73400000
2022-02-01,374.40000000,388.40000000,373.70000000,384.20000000,555347.27700000,555347.27700000
2022-02-02,384.10000000,386.10000000,366.10000000,366.90000000,572340.04000000,572340.04000000
2022-02-03,367.10000000,372.40000000,359.60000000,372.30000000,495715.22700000,495715.22700000
2022-02-04,372.20000000,399.70000000,369.50000000,399.50000000,849825.82800000,849825.82800000
2022-02-05,399.60000000,431.00000000,396.30000000,413.70000000,1031046.87000000,1031046.87000000
2022-02-06,413.80000000,422.50000000,407.00000000,419.90000000,542631.17600000,542631.17600000
2022-02-07,419.90000000,439.00000000,413.30000000,433.50000000,758247.66700000,758247.66700000
2022-02-08,433.50000000,445.40000000,406.20000000,407.80000000,1148555.32100000,1148555.32100000
2022-02-09,407.90000000,427.70000000,407.10000000,422.90000000,633880.43100000,633880.43100000
2022-02-10,422.90000000,434.90000000,410.00000000,414.70000000,956240.33900000,956240.33900000
2022-02-11,414.70000000,418.90000000,390.50000000,400.00000000,700843.20000000,700843.20000000
2022-02-12,400.00000000,407.10000000,393.30000000,403.60000000,521080.23700000,521080.23700000
2022-02-13,403.60000000,407.80000000,394.70000000,397.90000000,388657.05200000,388657.05200000
2022-02-14,398.00000000,404.50000000,390.60000000,403.40000000,472210.31800000,472210.31800000
2022-02-15,403.40000000,443.00000000,402.70000000,432.40000000,1184143.99000000,1184143.99000000
2022-02-16,432.40000000,433.50000000,422.20000000,427.30000000,606252.49300000,606252.49300000
2022-02-17,427.30000000,431.10000000,400.00000000,402.40000000,661874.71700000,661874.71700000
2022-02-18,402.40000000,411.00000000,392.20000000,399.20000000,611936.67900000,611936.67900000
2022-02-19,399.20000000,406.40000000,393.00000000,399.80000000,410279.30400000,410279.30400000
2022-02-20,399.80000000,400.00000000,375.00000000,380.60000000,624148.52500000,624148.52500000
2022-02-21,380.70000000,393.70000000,355.00000000,356.60000000,1219652.48100000,1219652.48100000
2022-02-22,356.70000000,375.40000000,348.70000000,374.30000000,940456.82200000,940456.82200000
2022-02-23,374.30000000,384.20000000,365.30000000,365.60000000,698692.66100000,698692.66100000
2022-02-24,365.60000000,371.30000000,323.50000000,361.20000000,1949035.93500000,1949035.93500000
2022-02-25,361.20000000,377.20000000,356.80000000,375.00000000,783242.16000000,783242.16000000
2022-02-26,375.00000000,386.10000000,370.50000000,373.70000000,548687.94100000,548687.94100000
2022-02-27,373.70000000,381.20000000,358.10000000,360.10000000,677364.94900000,677364.94900000
2022-02-28,360.10000000,397.20000000,355.80000000,395.60000000,773064.48000000,773064.48000000
2022-03-01,395.70000000,424.90000000,390.40000000,408.70000000,1403695.83200000,1403695.83200000
2022-03-02,408.70000000,415.70000000,403.80000000,409.30000000,788499.44300000,788499.44300000
2022-03-03,409.30000000,413.20000000,397.40000000,402.60000000,577002.32500000,577002.32500000
2022-03-04,402.60000000,403.50000000,372.00000000,374.20000000,756176.61000000,756176.61000000
2022-03-05,374.10000000,387.30000000,367.20000000,384.70000000,453970.24200000,453970.24200000
2022-03-06,384.80000000,387.30000000,371.60000000,375.00000000,489079.15800000,489079.15800000
2022-03-07,375.00000000,385.90000000,362.80000000,380.60000000,949294.91000000,949294.91000000
2022-03-08,380.60000000,388.70000000,375.30000000,381.40000000,647492.04700000,647492.04700000
2022-03-09,381.40000000,402.70000000,381.00000000,393.20000000,1012850.74700000,1012850.74700000
2022-03-10,393.20000000,394.50000000,363.00000000,372.00000000,791332.98400000,791332.98400000
2022-03-11,372.10000000,380.00000000,364.70000000,371.90000000,510174.58600000,510174.58600000
2022-03-12,371.90000000,379.20000000,371.10000000,372.40000000,402475.64600000,402475.64600000
2022-03-13,372.40000000,377.20000000,360.10000000,361.40000000,424762.64200000,424762.64200000
2022-03-14,361.40000000,373.90000000,359.50000000,373.40000000,467814.98400000,467814.98400000
2022-03-15,373.40000000,374.70000000,361.70000000,371.70000000,440890.82300000,440890.82300000
2022-03-16,371.70000000,386.60000000,367.80000000,385.40000000,668878.61500000,668878.61500000
2022-03-17,385.30000000,393.50000000,381.70000000,391.80000000,569457.40800000,569457.40800000
2022-03-18,391.90000000,400.00000000,384.00000000,397.20000000,553763.58600000,553763.58600000
2022-03-19,397.20000000,406.40000000,394.90000000,399.90000000,459996.61300000,459996.61300000
2022-03-20,399.90000000,400.80000000,386.20000000,390.80000000,398984.42900000,398984.42900000
2022-03-21,390.80000000,399.50000000,384.80000000,396.00000000,541479.78000000,541479.78000000
2022-03-22,396.00000000,410.00000000,394.80000000,404.30000000,609034.60700000,609034.60700000
2022-03-23,404.30000000,411.70000000,397.90000000,408.40000000,535891.79000000,535891.79000000
2022-03-24,408.40000000,416.60000000,405.00000000,414.20000000,598366.11500000,598366.11500000
2022-03-25,414.20000000,421.50000000,405.50000000,410.30000000,609691.87600000,609691.87600000
2022-03-26,410.30000000,416.40000000,407.50000000,415.80000000,280157.68700000,280157.68700000
2022-03-27,415.90000000,431.60000000,411.70000000,430.50000000,490998.10000000,490998.10000000
2022-03-28,430.60000000,441.00000000,427.60000000,430.20000000,719102.18300000,719102.18300000
2022-03-29,430.20000000,441.60000000,429.40000000,434.20000000,629773.89400000,629773.89400000
2022-03-30,434.20000000,449.30000000,425.50000000,442.10000000,768982.42700000,768982.42700000
2022-03-31,442.10000000,452.30000000,423.90000000,428.90000000,957924.69500000,957924.69500000
2022-04-01,428.90000000,448.20000000,412.80000000,447.70000000,971822.65500000,971822.65500000
2022-04-02,447.80000000,454.20000000,435.70000000,437.20000000,827864.88500000,827864.88500000
2022-04-03,437.30000000,455.70000000,432.20000000,450.40000000,676230.89200000,676230.89200000
2022-04-04,450.40000000,450.50000000,433.40000000,447.60000000,736637.27100000,736637.27100000
2022-04-05,447.60000000,460.00000000,444.10000000,444.70000000,761168.72500000,761168.72500000
2022-04-06,444.70000000,448.60000000,418.30000000,420.10000000,928930.80600000,928930.80600000
2022-04-07,420.10000000,450.00000000,416.20000000,436.00000000,717661.03600000,717661.03600000
2022-04-08,436.10000000,442.00000000,418.40000000,421.50000000,684600.07400000,684600.07400000
2022-04-09,421.50000000,428.20000000,419.60000000,426.60000000,356426.65900000,356426.65900000
2022-04-10,426.60000000,429.50000000,417.00000000,418.10000000,386650.88300000,386650.88300000
2022-04-11,418.10000000,419.70000000,391.20000000,394.60000000,856354.22400000,856354.22400000
2022-04-12,394.60000000,417.10000000,392.40000000,413.60000000,729790.91800000,729790.91800000
2022-04-13,413.70000000,424.60000000,410.30000000,423.40000000,630077.27700000,630077.27700000
2022-04-14,423.40000000,426.90000000,411.30000000,414.70000000,464220.20800000,464220.20800000
2022-04-15,414.70000000,420.00000000,412.50000000,417.30000000,331730.77300000,331730.77300000
2022-04-16,417.30000000,419.00000000,411.60000000,417.30000000,237289.02000000,237289.02000000
2022-04-17,417.30000000,418.20000000,405.50000000,406.60000000,302390.72600000,302390.72600000
2022-04-18,406.70000000,418.00000000,396.20000000,416.80000000,628747.77200000,628747.77200000
2022-04-19,416.90000000,424.70000000,414.60000000,422.30000000,567586.93100000,567586.93100000
2022-04-20,422.30000000,431.40000000,414.90000000,418.40000000,677255.09000000,677255.09000000
2022-04-21,418.40000000,426.00000000,401.20000000,404.90000000,771718.15400000,771718.15400000
2022-04-22,404.90000000,413.90000000,403.30000000,406.60000000,563521.04900000,563521.04900000
2022-04-23,406.60000000,408.10000000,397.30000000,401.10000000,339347.45000000,339347.45000000
2022-04-24,401.20000000,405.50000000,397.10000000,398.80000000,322889.80500000,322889.80500000
2022-04-25,398.80000000,405.70000000,382.30000000,404.30000000,849798.67800000,849798.67800000
2022-04-26,404.40000000,407.50000000,380.80000000,385.90000000,629808.81200000,629808.81200000
2022-04-27,386.00000000,394.80000000,383.30000000,391.30000000,567371.49500000,567371.49500000
2022-04-28,391.40000000,408.60000000,388.50000000,407.10000000,946336.33400000,946336.33400000
2022-04-29,407.20000000,410.70000000,389.70000000,393.00000000,694888.52600000,694888.52600000
2022-04-30,393.00000000,399.90000000,376.30000000,377.10000000,574905.82200000,574905.82200000
2022-05-01,377.10000000,391.40000000,375.50000000,389.90000000,564144.67300000,564144.67300000
2022-05-02,389.90000000,392.60000000,382.10000000,389.50000000,454918.11200000,454918.11200000
2022-05-03,389.50000000,392.30000000,379.80000000,383.90000000,388317.42000000,388317.42000000
2022-05-04,383.90000000,403.10000000,382.70000000,402.60000000,599066.68200000,599066.68200000
2022-05-05,402.60000000,413.60000000,370.70000000,378.40000000,1224114.51200000,1224114.51200000
2022-05-06,378.50000000,383.30000000,370.60000000,379.10000000,702441.41900000,702441.41900000
2022-05-07,379.10000000,380.60000000,360.10000000,365.50000000,554852.53100000,554852.53100000
2022-05-08,365.50000000,367.00000000,349.50000000,355.90000000,785184.08700000,785184.08700000
2022-05-09,355.90000000,359.30000000,295.40000000,296.10000000,2137566.87020000,2137566.87020000
2022-05-10,296.10000000,332.80000000,289.00000000,319.10000000,2160654.17540000,2160654.17540000
2022-05-11,319.10000000,323.00000000,260.80000000,271.50000000,3387753.98260000,3387753.98260000
2022-05-12,271.40000000,285.00000000,218.80000000,269.00000000,4499625.60330000,4499625.60330000
2022-05-13,269.00000000,313.50000000,265.40000000,290.60000000,1912387.36100000,1912387.36100000
2022-05-14,290.70000000,299.50000000,272.10000000,296.90000000,1092874.02300000,1092874.02300000
2022-05-15,296.90000000,312.60000000,285.70000000,312.40000000,774709.23100000,774709.23100000
2022-05-16,312.40000000,312.50000000,290.30000000,297.20000000,967622.83400000,967622.83400000
2022-05-17,297.30000000,310.70000000,295.80000000,306.20000000,702265.60700000,702265.60700000
2022-05-18,306.20000000,308.60000000,286.80000000,287.70000000,731091.09100000,731091.09100000
2022-05-19,287.80000000,308.90000000,286.80000000,307.10000000,685238.84400000,685238.84400000
2022-05-20,307.10000000,316.10000000,294.10000000,302.20000000,918118.17700000,918118.17700000
2022-05-21,302.30000000,314.20000000,299.30000000,312.40000000,470778.48300000,470778.48300000
2022-05-22,312.50000000,323.70000000,311.50000000,319.40000000,640675.57300000,640675.57300000
2022-05-23,319.30000000,337.00000000,315.30000000,317.20000000,1016212.87100000,1016212.87100000
2022-05-24,317.10000000,330.40000000,312.10000000,328.30000000,1087140.69800000,1087140.69800000
2022-05-25,328.30000000,337.90000000,324.00000000,325.70000000,1057736.75500000,1057736.75500000
2022-05-26,325.70000000,331.80000000,296.70000000,303.00000000,1539437.59800000,1539437.59800000
2022-05-27,303.00000000,309.80000000,290.60000000,301.60000000,1460549.00800000,1460549.00800000
2022-05-28,301.50000000,310.50000000,296.90000000,307.50000000,601654.50400000,601654.50400000
2022-05-29,307.60000000,308.20000000,298.60000000,305.80000000,519507.74700000,519507.74700000
2022-05-30,305.90000000,324.00000000,303.90000000,321.80000000,1006928.23100000,1006928.23100000
2022-05-31,321.80000000,324.80000000,313.50000000,320.90000000,701746.39000000,701746.39000000
2022-06-01,321.00000000,324.50000000,297.60000000,300.40000000,817984.60900000,817984.60900000
2022-06-02,300.50000000,309.20000000,298.20000000,308.30000000,477670.40000000,477670.40000000
2022-06-03,308.40000000,310.30000000,293.30000000,298.60000000,468996.67700000,468996.67700000
2022-06-04,298.60000000,302.90000000,294.80000000,301.30000000,293533.10800000,293533.10800000
2022-06-05,301.40000000,302.50000000,295.00000000,299.10000000,269695.90100000,269695.90100000
2022-06-06,299.10000000,312.30000000,288.00000000,295.10000000,758590.86000000,758590.86000000
2022-06-07,295.10000000,295.90000000,273.50000000,290.30000000,969784.61900000,969784.61900000
2022-06-08,290.30000000,294.60000000,283.90000000,288.50000000,509510.45500000,509510.45500000
2022-06-09,288.50000000,293.40000000,286.30000000,289.90000000,335495.07300000,335495.07300000
2022-06-10,289.90000000,298.90000000,283.20000000,286.40000000,817523.36400000,817523.36400000
2022-06-11,286.40000000,290.60000000,265.20000000,269.90000000,584351.45600000,584351.45600000
2022-06-12,269.90000000,272.00000000,251.10000000,254.80000000,827755.03500000,827755.03500000
2022-06-13,254.80000000,257.80000000,213.20000000,223.00000000,2377589.40890000,2377589.40890000
2022-06-14,222.90000000,231.40000000,204.10000000,223.00000000,1922025.08440000,1922025.08440000
2022-06-15,223.10000000,234.70000000,198.40000000,233.60000000,2105397.55150000,2105397.55150000
2022-06-16,233.60000000,237.20000000,207.70000000,210.20000000,975592.87300000,975592.87300000
2022-06-17,210.30000000,222.10000000,207.70000000,215.80000000,690834.30800000,690834.30800000
2022-06-18,215.80000000,219.00000000,183.40000000,197.00000000,1404690.49590000,1404690.49590000
2022-06-19,197.00000000,217.00000000,189.70000000,215.10000000,1102166.17100000,1102166.17100000
2022-06-20,215.10000000,219.80000000,204.80000000,216.50000000,880400.84400000,880400.84400000
2022-06-21,216.50000000,228.40000000,213.10000000,220.10000000,829003.56500000,829003.56500000
2022-06-22,220.20000000,221.00000000,211.20000000,214.40000000,690466.46500000,690466.46500000
2022-06-23,214.40000000,231.70000000,214.00000000,228.90000000,783796.95200000,783796.95200000
2022-06-24,229.00000000,243.30000000,228.30000000,240.20000000,707275.38700000,707275.38700000
2022-06-25,240.30000000,242.10000000,229.70000000,239.70000000,490948.31000000,490948.31000000
2022-06-26,239.70000000,245.20000000,233.20000000,233.90000000,456762.54700000,456762.54700000
2022-06-27,234.00000000,241.00000000,230.00000000,233.80000000,483616.79800000,483616.79800000
2022-06-28,233.90000000,242.80000000,225.90000000,226.90000000,632626.77900000,632626.77900000
2022-06-29,227.00000000,229.80000000,215.40000000,219.70000000,711780.69100000,711780.69100000
2022-06-30,219.70000000,220.30000000,205.40000000,219.60000000,791526.89800000,791526.89800000
2022-07-01,219.60000000,226.80000000,213.50000000,216.90000000,816261.88500000,816261.88500000
2022-07-02,216.90000000,219.70000000,213.80000000,218.30000000,342712.09900000,342712.09900000
2022-07-03,218.40000000,220.10000000,213.90000000,219.20000000,361103.06500000,361103.06500000
2022-07-04,219.20000000,232.20000000,214.80000000,231.50000000,514662.94600000,514662.94600000
2022-07-05,231.60000000,236.60000000,222.90000000,230.80000000,684927.62100000,684927.62100000
2022-07-06,230.80000000,240.00000000,229.00000000,238.60000000,644951.71300000,644951.71300000
2022-07-07,238.60000000,243.80000000,230.00000000,241.40000000,488193.22500000,488193.22500000
2022-07-08,241.40000000,247.70000000,237.00000000,240.70000000,643936.03400000,643936.03400000
2022-07-09,240.70000000,245.00000000,240.40000000,243.30000000,267778.16500000,267778.16500000
2022-07-10,243.30000000,243.50000000,231.70000000,234.70000000,396712.23700000,396712.23700000
2022-07-11,234.70000000,235.00000000,225.10000000,225.60000000,419335.06700000,419335.06700000
2022-07-12,225.70000000,228.30000000,220.20000000,220.60000000,410220.06600000,410220.06600000
2022-07-13,220.60000000,231.30000000,216.40000000,230.50000000,714589.61000000,714589.61000000
2022-07-14,230.50000000,240.00000000,227.10000000,238.50000000,577524.87400000,577524.87400000
2022-07-15,238.60000000,242.70000000,235.40000000,238.50000000,446513.82200000,446513.82200000
2022-07-16,238.60000000,251.50000000,233.90000000,249.80000000,423399.99400000,423399.99400000
2022-07-17,249.80000000,256.10000000,246.40000000,247.80000000,436448.54700000,436448.54700000
2022-07-18,247.80000000,265.60000000,247.60000000,264.10000000,747067.02900000,747067.02900000
2022-07-19,264.10000000,274.80000000,255.80000000,268.60000000,946386.94000000,946386.94000000
2022-07-20,268.60000000,272.00000000,256.40000000,258.20000000,771496.80800000,771496.80800000
2022-07-21,258.30000000,266.00000000,250.70000000,265.60000000,545140.27200000,545140.27200000
2022-07-22,265.60000000,271.40000000,261.10000000,262.40000000,508542.31700000,508542.31700000
2022-07-23,262.50000000,272.60000000,252.70000000,259.20000000,488326.24700000,488326.24700000
2022-07-24,259.20000000,266.20000000,257.10000000,261.40000000,333902.61100000,333902.61100000
2022-07-25,261.40000000,262.70000000,243.80000000,244.60000000,458768.53300000,458768.53300000
2022-07-26,244.70000000,249.60000000,239.60000000,249.40000000,365533.64700000,365533.64700000
2022-07-27,249.50000000,272.00000000,247.50000000,271.60000000,656773.69500000,656773.69500000
2022-07-28,271.60000000,280.80000000,263.60000000,277.20000000,669832.40000000,669832.40000000
2022-07-29,277.20000000,302.00000000,274.80000000,293.60000000,1077799.22100000,1077799.22100000
2022-07-30,293.60000000,300.20000000,285.10000000,287.80000000,683111.10300000,683111.10300000
2022-07-31,287.80000000,297.10000000,282.10000000,283.40000000,564727.27300000,564727.27300000
2022-08-01,283.50000000,290.50000000,277.90000000,283.20000000,493847.80400000,493847.80400000
2022-08-02,283.30000000,285.00000000,282.30000000,283.80000000,22175.67700000,22175.67700000
