,March_ETH,March_ETH,March_ETH,April_ETH,April_ETH,April_ETH,May_ETH,May_ETH,May_ETH,June_ETH,June_ETH,June_ETH,July_ETH,July_ETH,July_ETH
,time_published,overall_sentiment_score,overall_sentiment_label,time_published,overall_sentiment_score,overall_sentiment_label,time_published,overall_sentiment_score,overall_sentiment_label,time_published,overall_sentiment_score,overall_sentiment_label,time_published,overall_sentiment_score,overall_sentiment_label
0,2022-03-02 00:30:19,0.02123,Neutral,2022-04-01 01:15:18,-0.059152,Neutral,2022-05-01 05:12:36,-0.019945,Neutral,2022-06-01 01:05:47,-0.073786,Neutral,2022-07-01 01:27:20,-0.041959,Neutral
1,2022-03-02 10:00:25,-0.03647,Neutral,2022-04-01 02:39:44,-0.048378,Neutral,2022-05-01 05:14:00,-0.097838,Neutral,2022-06-01 02:20:48,0.004378,Neutral,2022-07-01 03:21:21,0.026548,Neutral
2,2022-03-02 11:00:26,0.03428,Neutral,2022-04-01 03:04:54,0.072448,Neutral,2022-05-01 07:10:50,-0.097784,Neutral,2022-06-01 03:59:11,-0.005764,Neutral,2022-07-01 04:04:27,-0.025959,Neutral
3,2022-03-02 19:46:21,0.109518,Neutral,2022-04-01 03:25:00,-0.022963,Neutral,2022-05-01 09:02:34,-0.014173,Neutral,2022-06-01 04:02:34,-0.160584,Somewhat-Bearish,2022-07-01 04:39:15,0.011209,Neutral
4,2022-03-02 21:14:43,0.015162,Neutral,2022-04-01 04:00:23,-0.117941,Neutral,2022-05-01 09:13:00,0.109302,Neutral,2022-06-01 05:22:50,0.003984,Neutral,2022-07-01 05:38:43,0.026933,Neutral
5,2022-03-02 23:00:50,-0.119252,Neutral,2022-04-01 04:17:18,-0.048642,Neutral,2022-05-01 10:00:56,0.15768,Somewhat-Bullish,2022-06-01 05:47:40,-0.109602,Neutral,2022-07-01 05:46:38,0.02224,Neutral
6,2022-03-03 08:00:00,-0.00692,Neutral,2022-04-01 04:21:56,-0.034091,Neutral,2022-05-01 10:02:03,0.07828,Neutral,2022-06-01 05:55:03,-0.119485,Neutral,2022-07-01 07:11:00,-0.074816,Neutral
7,2022-03-03 10:52:47,0.015271,Neutral,2022-04-01 04:22:00,-0.326333,Somewhat-Bearish,2022-05-01 10:30:08,-0.096409,Neutral,2022-06-01 07:03:45,0.013843,Neutral,2022-07-01 07:45:11,-0.024896,Neutral
8,2022-03-03 11:44:52,0.006576,Neutral,2022-04-01 04:43:31,-0.02779,Neutral,2022-05-01 11:12:14,-0.053283,Neutral,2022-06-01 08:00:00,-0.140406,Neutral,2022-07-01 08:28:27,-0.112006,Neutral
9,2022-03-03 16:59:15,0.068181,Neutral,2022-04-01 04:47:04,0.002539,Neutral,2022-05-01 12:18:00,0.171297,Somewhat-Bullish,2022-06-01 08:33:12,-0.119431,Neutral,2022-07-01 08:30:00,0.079002,Neutral
10,2022-03-03 20:05:11,-0.315365,Somewhat-Bearish,2022-04-01 06:11:00,0.133329,Neutral,2022-05-01 13:49:25,-0.247823,Somewhat-Bearish,2022-06-01 08:42:08,-0.007612,Neutral,2022-07-01 09:57:06,-0.082547,Neutral
11,2022-03-03 21:29:08,-0.159127,Somewhat-Bearish,2022-04-01 06:11:00,0.133329,Neutral,2022-05-01 14:01:02,-0.032408,Neutral,2022-06-01 08:58:56,-0.075088,Neutral,2022-07-01 10:00:00,0.365629,Bullish
12,2022-03-03 22:20:52,-0.019084,Neutral,2022-04-01 06:16:21,-0.115208,Neutral,2022-05-01 15:14:47,-0.158377,Somewhat-Bearish,2022-06-01 09:02:22,-0.00474,Neutral,2022-07-01 10:14:33,-0.128071,Neutral
13,2022-03-03 23:14:40,0.02715,Neutral,2022-04-01 06:24:37,0.017894,Neutral,2022-05-01 15:41:10,-0.108611,Neutral,2022-06-01 09:21:00,-0.230238,Somewhat-Bearish,2022-07-01 10:15:00,0.077494,Neutral
14,2022-03-04 00:50:01,0.056907,Neutral,2022-04-01 06:24:37,0.017894,Neutral,2022-05-01 15:59:54,-0.220098,Somewhat-Bearish,2022-06-01 10:00:00,0.018877,Neutral,2022-07-01 10:35:32,0.018603,Neutral
15,2022-03-04 10:37:00,-0.054147,Neutral,2022-04-01 07:07:37,-0.062003,Neutral,2022-05-01 16:52:22,-0.153647,Somewhat-Bearish,2022-06-01 10:00:23,-0.198634,Somewhat-Bearish,2022-07-01 11:45:00,-0.206254,Somewhat-Bearish
16,2022-03-04 10:42:17,-0.117308,Neutral,2022-04-01 09:05:05,-0.02715,Neutral,2022-05-01 18:35:26,-0.347553,Somewhat-Bearish,2022-06-01 10:02:28,-0.087783,Neutral,2022-07-01 12:15:00,-0.16209,Somewhat-Bearish
17,2022-03-04 14:45:00,0.051684,Neutral,2022-04-01 09:06:00,-0.267802,Somewhat-Bearish,2022-05-01 19:51:17,-0.228656,Somewhat-Bearish,2022-06-01 10:13:30,-0.048364,Neutral,2022-07-01 12:48:00,-0.421434,Bearish
18,2022-03-04 16:00:00,0.048122,Neutral,2022-04-01 09:13:39,0.081627,Neutral,2022-05-01 20:17:14,-0.225415,Somewhat-Bearish,2022-06-01 11:00:09,-0.066551,Neutral,2022-07-01 13:23:31,0.051837,Neutral
19,2022-03-04 16:00:00,0.048122,Neutral,2022-04-01 09:42:43,-0.032465,Neutral,2022-05-01 21:12:33,0.032641,Neutral,2022-06-01 11:15:00,-0.050797,Neutral,2022-07-01 13:25:39,-0.116295,Neutral
20,2022-03-04 16:30:54,-0.102907,Neutral,2022-04-01 09:47:18,-0.033429,Neutral,2022-05-01 22:08:12,-0.087102,Neutral,2022-06-01 11:45:13,-0.045955,Neutral,2022-07-01 13:37:10,-0.045684,Neutral
21,2022-03-04 17:22:00,0.125201,Neutral,2022-04-01 09:50:52,-0.050009,Neutral,2022-05-02 00:40:08,-0.208335,Somewhat-Bearish,2022-06-01 12:06:02,-0.251774,Somewhat-Bearish,2022-07-01 13:47:33,0.052271,Neutral
22,2022-03-04 17:36:07,0.054786,Neutral,2022-04-01 09:53:38,0.089726,Neutral,2022-05-02 01:47:18,0.01638,Neutral,2022-06-01 12:08:31,-0.115107,Neutral,2022-07-01 14:38:00,-0.025835,Neutral
23,2022-03-04 18:36:22,0.008269,Neutral,2022-04-01 10:15:00,0.040487,Neutral,2022-05-02 02:46:05,-0.101923,Neutral,2022-06-01 12:18:17,0.227773,Somewhat-Bullish,2022-07-01 15:42:16,-0.166777,Somewhat-Bearish
24,2022-03-04 19:36:00,-0.311832,Somewhat-Bearish,2022-04-01 10:20:48,0.033212,Neutral,2022-05-02 04:00:32,0.405449,Bullish,2022-06-01 12:21:27,-0.065085,Neutral,2022-07-01 16:31:08,-0.049355,Neutral
25,2022-03-04 22:28:46,0.033246,Neutral,2022-04-01 10:50:00,0.134665,Neutral,2022-05-02 04:25:59,-0.284732,Somewhat-Bearish,2022-06-01 12:24:46,-0.032749,Neutral,2022-07-01 17:00:00,0.062879,Neutral
26,2022-03-04 22:47:55,0.094753,Neutral,2022-04-01 11:00:00,0.060341,Neutral,2022-05-02 05:02:29,0.311389,Somewhat-Bullish,2022-06-01 12:31:01,-0.048411,Neutral,2022-07-01 17:15:00,-0.209477,Somewhat-Bearish
27,2022-03-05 10:00:20,-0.240753,Somewhat-Bearish,2022-04-01 11:20:00,0.156317,Somewhat-Bullish,2022-05-02 05:54:46,-0.218663,Somewhat-Bearish,2022-06-01 12:48:01,0.19748,Somewhat-Bullish,2022-07-01 17:20:15,0.035982,Neutral
28,2022-03-05 14:55:53,-0.146635,Neutral,2022-04-01 11:30:00,0.162035,Somewhat-Bullish,2022-05-02 06:12:13,-0.074713,Neutral,2022-06-01 12:58:24,-0.013324,Neutral,2022-07-01 18:07:00,-0.203034,Somewhat-Bearish
29,2022-03-05 15:46:02,0.09635,Neutral,2022-04-01 11:30:00,0.160401,Somewhat-Bullish,2022-05-02 07:00:00,0.041117,Neutral,2022-06-01 13:00:00,0.085563,Neutral,2022-07-01 18:44:00,-0.020919,Neutral
30,2022-03-05 18:39:26,-0.113033,Neutral,2022-04-01 11:46:19,0.079296,Neutral,2022-05-02 07:00:00,0.040319,Neutral,2022-06-01 13:00:00,0.129252,Neutral,2022-07-01 18:45:00,-0.023293,Neutral
31,2022-03-06 11:00:07,-0.117464,Neutral,2022-04-01 11:48:02,-0.129396,Neutral,2022-05-02 07:08:12,0.055826,Neutral,2022-06-01 13:00:39,-0.078938,Neutral,2022-07-01 18:50:11,-0.22767,Somewhat-Bearish
32,2022-03-06 13:54:48,0.172032,Somewhat-Bullish,2022-04-01 11:50:43,0.199449,Somewhat-Bullish,2022-05-02 07:41:25,0.034793,Neutral,2022-06-01 13:01:35,-0.051964,Neutral,2022-07-01 19:04:20,0.032872,Neutral
33,2022-03-06 16:00:43,0.277901,Somewhat-Bullish,2022-04-01 12:09:14,0.018053,Neutral,2022-05-02 08:31:12,-0.00454,Neutral,2022-06-01 13:18:35,0.131244,Neutral,2022-07-01 19:24:36,-0.13813,Neutral
34,2022-03-06 16:16:26,-0.022367,Neutral,2022-04-01 12:20:00,0.051294,Neutral,2022-05-02 09:21:00,-0.166187,Somewhat-Bearish,2022-06-01 13:40:28,-0.088587,Neutral,2022-07-01 19:31:46,-0.194022,Somewhat-Bearish
35,2022-03-06 16:28:06,-0.01428,Neutral,2022-04-01 12:25:00,-0.020898,Neutral,2022-05-02 09:28:26,-0.015186,Neutral,2022-06-01 14:00:00,0.158412,Somewhat-Bullish,2022-07-01 20:05:00,-0.052321,Neutral
36,2022-03-06 18:57:08,-0.31228,Somewhat-Bearish,2022-04-01 12:25:47,-0.020898,Neutral,2022-05-02 09:55:00,-0.093388,Neutral,2022-06-01 14:09:03,0.019209,Neutral,2022-07-01 20:25:00,-0.115296,Neutral
37,2022-03-06 20:18:12,0.004359,Neutral,2022-04-01 12:32:00,0.045826,Neutral,2022-05-02 10:00:46,-0.01432,Neutral,2022-06-01 14:25:59,0.008437,Neutral,2022-07-01 21:00:00,0.011141,Neutral
38,2022-03-07 03:07:48,-0.075526,Neutral,2022-04-01 12:52:16,-0.082634,Neutral,2022-05-02 10:32:13,0.048495,Neutral,2022-06-01 14:45:00,0.028924,Neutral,2022-07-01 21:02:35,-0.179086,Somewhat-Bearish
39,2022-03-07 05:00:54,-0.113761,Neutral,2022-04-01 12:58:20,-0.097677,Neutral,2022-05-02 10:53:45,0.002201,Neutral,2022-06-01 14:48:21,-0.100686,Neutral,2022-07-01 23:00:26,0.012292,Neutral
40,2022-03-07 08:25:08,0.015968,Neutral,2022-04-01 13:14:16,-0.004929,Neutral,2022-05-02 12:04:53,-0.07982,Neutral,2022-06-01 15:00:00,-0.025704,Neutral,2022-07-02 00:08:08,-0.344419,Somewhat-Bearish
41,2022-03-07 09:26:41,-0.106733,Neutral,2022-04-01 14:00:00,0.147835,Neutral,2022-05-02 12:30:03,-0.140269,Neutral,2022-06-01 15:05:22,-0.031288,Neutral,2022-07-02 07:24:10,-0.168106,Somewhat-Bearish
42,2022-03-07 10:00:46,-0.111105,Neutral,2022-04-01 14:00:11,-0.050682,Neutral,2022-05-02 12:31:00,0.029552,Neutral,2022-06-01 15:14:37,-0.109028,Neutral,2022-07-02 07:45:29,0.01872,Neutral
43,2022-03-07 10:42:57,-0.021708,Neutral,2022-04-01 14:00:35,-0.047525,Neutral,2022-05-02 13:01:00,-0.040364,Neutral,2022-06-01 15:17:00,-0.098263,Neutral,2022-07-02 09:45:00,0.214502,Somewhat-Bullish
44,2022-03-07 10:55:00,0.013795,Neutral,2022-04-01 14:10:24,-0.067701,Neutral,2022-05-02 13:46:22,-0.107883,Neutral,2022-06-01 15:25:00,-0.172325,Somewhat-Bearish,2022-07-02 13:24:42,0.045466,Neutral
45,2022-03-07 10:55:00,0.00815,Neutral,2022-04-01 14:11:11,-0.017794,Neutral,2022-05-02 14:02:07,-0.015778,Neutral,2022-06-01 15:51:54,-0.122397,Neutral,2022-07-02 13:39:00,-0.115296,Neutral
46,2022-03-07 10:55:00,0.005586,Neutral,2022-04-01 14:13:12,-0.104725,Neutral,2022-05-02 14:47:17,0.064477,Neutral,2022-06-01 16:00:00,0.085015,Neutral,2022-07-02 14:00:00,-0.071573,Neutral
47,2022-03-07 11:45:00,-0.495652,Bearish,2022-04-01 14:20:20,0.12902,Neutral,2022-05-02 15:09:30,0.12754,Neutral,2022-06-01 16:31:05,0.044381,Neutral,2022-07-02 16:53:14,-0.139221,Neutral
48,2022-03-07 11:45:00,-0.497168,Bearish,2022-04-01 15:16:43,-0.035616,Neutral,2022-05-02 15:14:13,-0.111394,Neutral,2022-06-01 16:59:11,0.029349,Neutral,2022-07-02 17:49:05,0.049213,Neutral
49,2022-03-07 13:41:26,0.021101,Neutral,2022-04-01 16:00:00,0.083604,Neutral,2022-05-02 15:55:00,-0.488603,Bearish,2022-06-01 17:13:28,-0.14028,Neutral,2022-07-02 20:30:05,-0.147505,Neutral
50,,,,2022-04-01 16:00:02,0.088761,Neutral,2022-05-02 15:56:00,0.010702,Neutral,2022-06-01 17:20:20,-0.183892,Somewhat-Bearish,2022-07-03 02:11:00,-0.083326,Neutral
51,,,,2022-04-01 16:01:37,-0.023916,Neutral,2022-05-02 16:04:19,-0.049441,Neutral,2022-06-01 17:52:48,-0.495216,Bearish,2022-07-03 05:11:00,0.018153,Neutral
52,,,,2022-04-01 16:02:00,0.083018,Neutral,2022-05-02 16:18:44,-0.136879,Neutral,2022-06-01 18:00:14,0.034865,Neutral,2022-07-03 07:44:28,-0.124587,Neutral
53,,,,2022-04-01 17:08:00,-0.007851,Neutral,2022-05-02 16:32:51,0.028959,Neutral,2022-06-01 18:05:00,0.08423,Neutral,2022-07-03 08:53:54,0.070305,Neutral
54,,,,2022-04-01 17:08:32,-0.140617,Neutral,2022-05-02 16:53:04,-0.071996,Neutral,2022-06-01 18:07:00,0.114475,Neutral,2022-07-03 09:38:00,-0.271122,Somewhat-Bearish
55,,,,2022-04-01 17:14:51,0.000751,Neutral,2022-05-02 16:54:21,-0.112631,Neutral,2022-06-01 18:24:25,0.034163,Neutral,2022-07-03 10:00:25,-0.264963,Somewhat-Bearish
56,,,,2022-04-01 17:44:43,-0.217698,Somewhat-Bearish,2022-05-02 17:30:00,-0.331338,Somewhat-Bearish,2022-06-01 18:24:30,0.035861,Neutral,2022-07-03 10:01:03,0.001848,Neutral
57,,,,2022-04-01 17:45:21,-0.010738,Neutral,2022-05-02 17:39:45,-0.137739,Neutral,2022-06-01 18:24:52,0.008558,Neutral,2022-07-03 11:01:02,-0.053443,Neutral
58,,,,2022-04-01 17:59:26,0.109102,Neutral,2022-05-02 17:41:45,-0.017999,Neutral,2022-06-01 18:25:22,0.00928,Neutral,2022-07-03 13:13:03,-0.243959,Somewhat-Bearish
59,,,,2022-04-01 18:01:21,-0.212082,Somewhat-Bearish,2022-05-02 18:01:03,-0.053039,Neutral,2022-06-01 18:25:51,0.009409,Neutral,2022-07-03 13:22:49,0.143793,Neutral
60,,,,2022-04-01 18:02:42,0.008826,Neutral,2022-05-02 18:08:48,-0.173728,Somewhat-Bearish,2022-06-01 18:26:15,-0.01277,Neutral,2022-07-03 14:19:00,0.048546,Neutral
61,,,,2022-04-01 18:03:16,0.01275,Neutral,2022-05-02 18:24:46,0.032061,Neutral,2022-06-01 18:26:27,-0.009583,Neutral,2022-07-03 17:19:33,-0.141608,Neutral
62,,,,2022-04-01 18:03:29,0.00557,Neutral,2022-05-02 18:24:50,0.008183,Neutral,2022-06-01 18:35:15,0.013795,Neutral,2022-07-04 01:15:23,-0.066313,Neutral
63,,,,2022-04-01 18:04:30,-0.009054,Neutral,2022-05-02 18:24:59,0.009494,Neutral,2022-06-01 18:35:53,-0.009566,Neutral,2022-07-04 02:24:52,0.019398,Neutral
64,,,,2022-04-01 18:04:50,-0.009966,Neutral,2022-05-02 18:25:14,-0.012641,Neutral,2022-06-01 18:37:37,-0.008716,Neutral,2022-07-04 04:00:29,-0.072211,Neutral
65,,,,2022-04-01 18:05:22,-0.009967,Neutral,2022-05-02 18:25:18,-0.012541,Neutral,2022-06-01 18:40:04,0.112879,Neutral,2022-07-04 07:16:30,-0.5396,Bearish
66,,,,2022-04-01 18:05:27,-0.007018,Neutral,2022-05-02 18:27:05,-0.012641,Neutral,2022-06-01 19:43:00,-0.176835,Somewhat-Bearish,2022-07-04 07:37:26,-0.118258,Neutral
67,,,,2022-04-01 18:05:30,-0.008263,Neutral,2022-05-02 18:27:13,-0.009715,Neutral,2022-06-01 19:49:21,-0.170402,Somewhat-Bearish,2022-07-04 07:52:57,-0.027161,Neutral
68,,,,2022-04-01 18:07:38,-0.02612,Neutral,2022-05-02 18:27:18,-0.010022,Neutral,2022-06-01 20:00:00,0.014602,Neutral,2022-07-04 09:00:21,-0.112286,Neutral
69,,,,2022-04-01 18:10:13,0.031976,Neutral,2022-05-02 18:27:22,-0.00966,Neutral,2022-06-01 20:05:13,-0.050415,Neutral,2022-07-04 09:44:06,0.019608,Neutral
70,,,,2022-04-01 18:14:00,0.030838,Neutral,2022-05-02 18:28:41,-0.192917,Somewhat-Bearish,2022-06-01 20:18:30,0.002578,Neutral,2022-07-04 13:00:00,-0.402064,Bearish
71,,,,2022-04-01 18:24:18,0.095771,Neutral,2022-05-02 18:45:34,0.014297,Neutral,2022-06-01 20:24:00,0.064944,Neutral,2022-07-04 13:07:00,-0.00906,Neutral
72,,,,2022-04-01 18:35:11,-0.089002,Neutral,2022-05-02 19:24:58,0.016648,Neutral,2022-06-01 20:38:00,-0.384967,Bearish,2022-07-04 13:16:00,-0.039415,Neutral
73,,,,2022-04-01 18:54:00,-0.019266,Neutral,2022-05-02 19:56:00,-0.168207,Somewhat-Bearish,2022-06-01 20:55:05,0.03179,Neutral,2022-07-04 15:00:00,0.07752,Neutral
74,,,,2022-04-01 19:11:28,-0.001403,Neutral,2022-05-02 20:14:29,0.06761,Neutral,2022-06-01 21:02:03,-0.032907,Neutral,2022-07-04 15:52:37,0.118862,Neutral
75,,,,2022-04-01 19:15:00,0.00969,Neutral,2022-05-02 20:21:45,-0.078225,Neutral,2022-06-01 22:04:16,-0.204205,Somewhat-Bearish,2022-07-04 16:24:30,-0.107049,Neutral
76,,,,2022-04-01 19:53:12,0.047342,Neutral,2022-05-02 20:37:51,-0.13485,Neutral,2022-06-01 22:06:52,-0.117161,Neutral,2022-07-04 17:18:26,0.207345,Somewhat-Bullish
77,,,,2022-04-01 20:30:00,-0.068017,Neutral,2022-05-02 21:04:00,0.06677,Neutral,2022-06-01 23:16:14,0.00678,Neutral,2022-07-05 01:25:18,-0.087001,Neutral
78,,,,2022-04-01 22:30:00,-0.052849,Neutral,2022-05-02 21:04:00,0.064712,Neutral,2022-06-01 23:27:56,0.028475,Neutral,2022-07-05 01:42:00,0.001056,Neutral
79,,,,2022-04-01 23:36:24,0.200911,Somewhat-Bullish,2022-05-02 21:04:00,0.108714,Neutral,2022-06-02 01:21:16,-0.118914,Neutral,2022-07-05 03:59:12,-0.053453,Neutral
80,,,,2022-04-02 02:11:00,0.078315,Neutral,2022-05-02 21:04:00,0.108714,Neutral,2022-06-02 02:54:12,0.069975,Neutral,2022-07-05 04:13:37,-0.091662,Neutral
81,,,,2022-04-02 02:40:00,-0.148427,Neutral,2022-05-02 21:49:04,-0.041312,Neutral,2022-06-02 03:21:56,-0.070858,Neutral,2022-07-05 05:54:36,0.026595,Neutral
82,,,,2022-04-02 03:58:01,0.000453,Neutral,2022-05-02 22:05:17,0.095467,Neutral,2022-06-02 03:59:27,-0.012194,Neutral,2022-07-05 06:08:42,-0.090638,Neutral
83,,,,2022-04-02 09:51:00,-0.032194,Neutral,2022-05-02 22:49:55,-0.3131,Somewhat-Bearish,2022-06-02 04:43:19,-0.331836,Somewhat-Bearish,2022-07-05 06:37:46,0.048573,Neutral
84,,,,2022-04-02 10:45:00,0.071505,Neutral,2022-05-03 01:21:29,-0.042834,Neutral,2022-06-02 06:11:11,0.097082,Neutral,2022-07-05 07:18:49,-0.029013,Neutral
85,,,,2022-04-02 11:00:00,0.017963,Neutral,2022-05-03 01:31:33,-0.012992,Neutral,2022-06-02 06:16:33,0.012292,Neutral,2022-07-05 07:24:07,-0.0085,Neutral
86,,,,2022-04-02 11:15:00,-0.138667,Neutral,2022-05-03 02:21:04,0.138981,Neutral,2022-06-02 06:21:58,-0.109642,Neutral,2022-07-05 07:30:52,-0.065359,Neutral
87,,,,2022-04-02 11:39:15,-0.020278,Neutral,2022-05-03 04:02:17,0.072773,Neutral,2022-06-02 08:02:24,-0.316585,Somewhat-Bearish,2022-07-05 08:27:49,-0.100089,Neutral
88,,,,2022-04-02 12:25:15,-0.022406,Neutral,2022-05-03 04:42:31,-0.118709,Neutral,2022-06-02 08:17:17,-0.207291,Somewhat-Bearish,2022-07-05 09:00:12,-0.172561,Somewhat-Bearish
89,,,,2022-04-02 12:30:00,-0.010347,Neutral,2022-05-03 05:15:00,-0.021371,Neutral,2022-06-02 08:29:46,-0.115799,Neutral,2022-07-05 10:03:47,-0.017671,Neutral
90,,,,2022-04-02 12:36:00,0.040473,Neutral,2022-05-03 06:03:36,-0.01537,Neutral,2022-06-02 08:36:37,-0.178847,Somewhat-Bearish,2022-07-05 10:24:00,-0.024495,Neutral
91,,,,2022-04-02 12:45:00,0.258717,Somewhat-Bullish,2022-05-03 06:38:30,-0.024791,Neutral,2022-06-02 08:49:13,-0.179706,Somewhat-Bearish,2022-07-05 11:10:20,-0.135271,Neutral
92,,,,2022-04-02 12:47:00,0.037806,Neutral,2022-05-03 07:00:09,-0.143425,Neutral,2022-06-02 09:00:00,-0.049127,Neutral,2022-07-05 11:30:00,-0.005856,Neutral
93,,,,2022-04-02 13:20:00,0.037806,Neutral,2022-05-03 08:13:47,0.029091,Neutral,2022-06-02 09:00:00,-0.245712,Somewhat-Bearish,2022-07-05 11:30:00,0.018719,Neutral
94,,,,2022-04-02 13:21:39,-0.402827,Bearish,2022-05-03 08:33:39,-0.07869,Neutral,2022-06-02 09:10:32,-0.24894,Somewhat-Bearish,2022-07-05 11:30:00,0.018719,Neutral
95,,,,2022-04-02 14:09:47,-0.192148,Somewhat-Bearish,2022-05-03 08:37:28,-0.111946,Neutral,2022-06-02 09:39:15,-0.001256,Neutral,2022-07-05 11:47:34,-0.006492,Neutral
96,,,,2022-04-02 14:25:52,-0.08241,Neutral,2022-05-03 09:06:00,-0.074065,Neutral,2022-06-02 09:47:00,0.17577,Somewhat-Bullish,2022-07-05 12:21:32,-0.08395,Neutral
97,,,,2022-04-02 15:03:00,0.039745,Neutral,2022-05-03 09:24:41,0.013212,Neutral,2022-06-02 10:00:11,-0.005042,Neutral,2022-07-05 12:39:05,-0.012652,Neutral
98,,,,2022-04-02 15:35:22,-0.00529,Neutral,2022-05-03 09:53:08,0.009843,Neutral,2022-06-02 11:00:00,0.031034,Neutral,2022-07-05 13:14:13,0.031121,Neutral
99,,,,2022-04-02 19:00:54,0.064052,Neutral,2022-05-03 10:12:19,-0.032494,Neutral,2022-06-02 11:18:10,-0.095623,Neutral,2022-07-05 13:14:20,-0.162778,Somewhat-Bearish
100,,,,2022-04-02 19:18:58,-0.031752,Neutral,2022-05-03 10:22:15,-0.001958,Neutral,2022-06-02 11:39:31,-0.137225,Neutral,2022-07-05 13:14:20,-0.162778,Somewhat-Bearish
101,,,,2022-04-02 19:31:25,0.037227,Neutral,2022-05-03 11:18:47,0.042635,Neutral,2022-06-02 12:01:02,-0.050721,Neutral,2022-07-05 13:19:32,0.130551,Neutral
102,,,,2022-04-02 20:01:18,0.067244,Neutral,2022-05-03 11:36:19,-0.016721,Neutral,2022-06-02 13:01:08,0.050616,Neutral,2022-07-05 13:35:20,-0.022623,Neutral
103,,,,2022-04-02 20:30:53,-0.102797,Neutral,2022-05-03 11:37:40,-0.035025,Neutral,2022-06-02 13:12:03,-0.015321,Neutral,2022-07-05 14:31:00,-0.197242,Somewhat-Bearish
104,,,,2022-04-02 21:05:51,0.063376,Neutral,2022-05-03 12:24:31,-0.152466,Somewhat-Bearish,2022-06-02 13:13:00,0.007361,Neutral,2022-07-05 15:01:08,-0.178574,Somewhat-Bearish
105,,,,2022-04-02 21:40:50,0.033704,Neutral,2022-05-03 12:33:53,-0.228738,Somewhat-Bearish,2022-06-02 13:26:21,-0.096637,Neutral,2022-07-05 15:45:59,0.010167,Neutral
106,,,,2022-04-03 02:25:32,-0.029482,Neutral,2022-05-03 13:01:00,-0.016533,Neutral,2022-06-02 13:38:40,-0.016397,Neutral,2022-07-05 16:16:00,-0.002398,Neutral
107,,,,2022-04-03 10:00:00,-0.152013,Somewhat-Bearish,2022-05-03 13:01:02,0.000982,Neutral,2022-06-02 13:42:00,-0.223442,Somewhat-Bearish,2022-07-05 16:30:00,-0.060243,Neutral
108,,,,2022-04-03 10:00:17,0.27656,Somewhat-Bullish,2022-05-03 13:01:14,0.145858,Neutral,2022-06-02 13:45:15,0.041618,Neutral,2022-07-05 17:15:00,-0.267206,Somewhat-Bearish
109,,,,2022-04-03 10:15:00,-0.167,Somewhat-Bearish,2022-05-03 13:12:10,0.00083,Neutral,2022-06-02 14:00:00,0.125516,Neutral,2022-07-05 18:06:40,-0.004563,Neutral
110,,,,2022-04-03 10:15:00,-0.059328,Neutral,2022-05-03 13:15:58,-0.006205,Neutral,2022-06-02 14:13:15,-0.007113,Neutral,2022-07-05 18:41:09,-0.031449,Neutral
111,,,,2022-04-03 10:15:00,0.016595,Neutral,2022-05-03 13:30:00,0.016153,Neutral,2022-06-02 14:18:02,-0.165816,Somewhat-Bearish,2022-07-05 19:36:19,0.003538,Neutral
112,,,,2022-04-03 11:07:00,0.090278,Neutral,2022-05-03 13:34:49,-0.137595,Neutral,2022-06-02 14:19:51,-0.02003,Neutral,2022-07-05 20:06:55,-0.048894,Neutral
113,,,,2022-04-03 11:56:24,-0.356713,Bearish,2022-05-03 13:35:00,0.318934,Somewhat-Bullish,2022-06-02 14:22:58,-0.020402,Neutral,2022-07-05 20:15:57,-0.067331,Neutral
114,,,,2022-04-03 12:17:45,0.080662,Neutral,2022-05-03 13:43:44,0.070894,Neutral,2022-06-02 14:27:15,-0.073546,Neutral,2022-07-05 20:52:42,-0.179123,Somewhat-Bearish
115,,,,2022-04-03 12:18:00,0.10709,Neutral,2022-05-03 13:45:00,0.062701,Neutral,2022-06-02 14:42:00,0.046992,Neutral,2022-07-05 22:03:38,0.002351,Neutral
116,,,,2022-04-03 12:31:02,-0.238696,Somewhat-Bearish,2022-05-03 14:01:25,-0.081307,Neutral,2022-06-02 14:43:38,0.02417,Neutral,2022-07-05 22:28:42,0.162938,Somewhat-Bullish
117,,,,2022-04-03 13:14:00,0.020284,Neutral,2022-05-03 14:04:07,0.010269,Neutral,2022-06-02 15:06:17,0.048478,Neutral,2022-07-05 22:32:00,-0.078368,Neutral
118,,,,2022-04-03 13:31:02,-0.015415,Neutral,2022-05-03 14:27:54,0.01469,Neutral,2022-06-02 15:40:41,-0.223954,Somewhat-Bearish,2022-07-05 22:55:58,-0.120186,Neutral
119,,,,2022-04-03 14:00:00,-0.000347,Neutral,2022-05-03 15:05:20,-0.040765,Neutral,2022-06-02 15:47:51,0.29487,Somewhat-Bullish,2022-07-05 23:24:14,0.010928,Neutral
120,,,,2022-04-03 14:00:00,-0.000116,Neutral,2022-05-03 15:06:25,-0.002347,Neutral,2022-06-02 15:56:21,0.053435,Neutral,2022-07-05 23:34:24,0.006377,Neutral
121,,,,2022-04-03 14:31:02,0.021138,Neutral,2022-05-03 15:07:25,0.00167,Neutral,2022-06-02 16:01:56,-0.04156,Neutral,2022-07-06 00:00:00,-0.056552,Neutral
122,,,,2022-04-03 14:33:05,0.035474,Neutral,2022-05-03 15:15:43,0.097641,Neutral,2022-06-02 16:34:17,0.057887,Neutral,2022-07-06 00:00:00,-0.053681,Neutral
123,,,,2022-04-03 15:58:09,-0.247863,Somewhat-Bearish,2022-05-03 15:16:36,0.026572,Neutral,2022-06-02 16:44:02,-0.265859,Somewhat-Bearish,2022-07-06 01:26:22,-0.176028,Somewhat-Bearish
124,,,,2022-04-03 15:58:09,-0.247863,Somewhat-Bearish,2022-05-03 15:43:14,0.123873,Neutral,2022-06-02 17:11:57,-0.136538,Neutral,2022-07-06 02:13:46,-0.36356,Bearish
125,,,,2022-04-03 16:39:23,0.002742,Neutral,2022-05-03 16:00:00,0.163951,Somewhat-Bullish,2022-06-02 17:20:24,0.162007,Somewhat-Bullish,2022-07-06 02:22:08,-0.008737,Neutral
126,,,,2022-04-03 17:16:28,-0.125929,Neutral,2022-05-03 16:00:32,0.016426,Neutral,2022-06-02 17:54:03,0.028963,Neutral,2022-07-06 03:00:05,-0.059536,Neutral
127,,,,2022-04-03 17:43:01,-0.030437,Neutral,2022-05-03 16:07:11,-0.04096,Neutral,2022-06-02 18:02:39,0.007817,Neutral,2022-07-06 03:04:48,-0.001021,Neutral
128,,,,2022-04-03 20:30:00,0.04991,Neutral,2022-05-03 16:07:22,-0.040016,Neutral,2022-06-02 18:02:59,-0.012002,Neutral,2022-07-06 03:09:11,-0.037113,Neutral
129,,,,2022-04-03 21:03:00,0.02939,Neutral,2022-05-03 16:08:05,-0.049441,Neutral,2022-06-02 18:03:55,-0.013383,Neutral,2022-07-06 04:05:45,-0.04791,Neutral
130,,,,2022-04-03 21:03:35,-0.380113,Bearish,2022-05-03 16:08:15,-0.040327,Neutral,2022-06-02 18:04:24,-0.011712,Neutral,2022-07-06 05:10:00,-0.018687,Neutral
131,,,,2022-04-03 21:03:35,-0.4037,Bearish,2022-05-03 16:30:00,0.006854,Neutral,2022-06-02 18:29:00,-0.040129,Neutral,2022-07-06 05:10:00,-0.015001,Neutral
132,,,,2022-04-03 21:18:58,-0.300307,Somewhat-Bearish,2022-05-03 16:34:00,-0.087235,Neutral,2022-06-02 18:36:46,-0.075406,Neutral,2022-07-06 05:31:06,-0.039163,Neutral
133,,,,2022-04-03 21:47:00,0.085994,Neutral,2022-05-03 16:44:04,0.117889,Neutral,2022-06-02 18:47:00,0.136817,Neutral,2022-07-06 06:04:57,-0.07687,Neutral
134,,,,2022-04-03 23:00:00,0.02467,Neutral,2022-05-03 17:02:00,-0.130388,Neutral,2022-06-02 18:50:15,0.01968,Neutral,2022-07-06 08:37:29,-0.140679,Neutral
135,,,,2022-04-04 02:04:41,-0.037592,Neutral,2022-05-03 17:05:56,0.053126,Neutral,2022-06-02 18:57:09,0.026668,Neutral,2022-07-06 09:28:39,-0.09685,Neutral
136,,,,2022-04-04 02:45:00,0.00853,Neutral,2022-05-03 17:06:41,0.314482,Somewhat-Bullish,2022-06-02 20:00:02,-0.022581,Neutral,2022-07-06 10:05:00,-0.369487,Bearish
137,,,,2022-04-04 02:45:41,-0.002905,Neutral,2022-05-03 17:26:21,-0.262723,Somewhat-Bearish,2022-06-02 21:00:00,-0.186656,Somewhat-Bearish,2022-07-06 10:18:00,-0.181711,Somewhat-Bearish
138,,,,2022-04-04 02:47:04,-0.053468,Neutral,2022-05-03 17:35:00,0.0115,Neutral,2022-06-02 21:20:59,-0.079533,Neutral,2022-07-06 10:30:00,-0.011364,Neutral
139,,,,2022-04-04 03:37:43,0.021571,Neutral,2022-05-03 17:43:22,-0.009059,Neutral,2022-06-02 21:56:00,-0.220361,Somewhat-Bearish,2022-07-06 10:30:00,-0.009806,Neutral
140,,,,2022-04-04 03:54:56,-0.079107,Neutral,2022-05-03 18:02:07,0.035954,Neutral,2022-06-02 21:58:36,-0.071375,Neutral,2022-07-06 10:33:39,-0.171495,Somewhat-Bearish
141,,,,2022-04-04 04:01:41,0.039187,Neutral,2022-05-03 18:02:16,-0.011969,Neutral,2022-06-03 01:06:38,-0.174346,Somewhat-Bearish,2022-07-06 10:45:00,-0.195261,Somewhat-Bearish
142,,,,2022-04-04 05:33:40,-0.053937,Neutral,2022-05-03 18:02:20,-0.013324,Neutral,2022-06-03 01:17:40,-0.019144,Neutral,2022-07-06 11:07:00,0.03485,Neutral
143,,,,2022-04-04 08:47:31,-0.051619,Neutral,2022-05-03 18:02:29,-0.012418,Neutral,2022-06-03 02:12:54,-0.039025,Neutral,2022-07-06 11:15:00,-0.16921,Somewhat-Bearish
144,,,,2022-04-04 09:19:33,-0.043495,Neutral,2022-05-03 18:02:36,-0.009798,Neutral,2022-06-03 04:39:43,-0.014919,Neutral,2022-07-06 11:37:05,-0.049543,Neutral
145,,,,2022-04-04 09:30:00,0.014712,Neutral,2022-05-03 18:04:22,-0.009115,Neutral,2022-06-03 05:05:06,-0.167313,Somewhat-Bearish,2022-07-06 11:39:00,-0.538111,Bearish
146,,,,2022-04-04 09:35:27,-0.029228,Neutral,2022-05-03 18:31:42,0.080993,Neutral,2022-06-03 06:27:25,-0.088779,Neutral,2022-07-06 11:55:57,-0.584281,Bearish
147,,,,2022-04-04 09:47:51,-0.045189,Neutral,2022-05-03 18:40:00,-0.018239,Neutral,2022-06-03 06:28:50,-0.070981,Neutral,2022-07-06 12:11:00,-0.13009,Neutral
148,,,,2022-04-04 11:00:00,0.274804,Somewhat-Bullish,2022-05-03 19:25:59,-0.025959,Neutral,2022-06-03 07:09:04,-0.064792,Neutral,2022-07-06 12:14:00,0.137836,Neutral
149,,,,2022-04-04 11:56:29,-0.043277,Neutral,2022-05-03 19:57:26,-0.036281,Neutral,2022-06-03 08:04:17,0.014483,Neutral,2022-07-06 12:30:00,-0.095468,Neutral
150,,,,2022-04-04 12:06:20,-0.031891,Neutral,2022-05-03 20:05:46,0.156344,Somewhat-Bullish,2022-06-03 08:56:04,0.007831,Neutral,2022-07-06 12:37:00,0.139666,Neutral
151,,,,2022-04-04 12:30:57,0.071544,Neutral,2022-05-03 20:06:40,-0.070545,Neutral,2022-06-03 08:56:08,0.009615,Neutral,2022-07-06 13:03:41,-0.159077,Somewhat-Bearish
152,,,,2022-04-04 12:37:39,-0.110503,Neutral,2022-05-03 20:10:00,0.084022,Neutral,2022-06-03 09:30:00,-0.306919,Somewhat-Bearish,2022-07-06 13:07:00,0.002399,Neutral
153,,,,2022-04-04 12:44:00,0.082036,Neutral,2022-05-03 20:41:59,0.065006,Neutral,2022-06-03 09:52:00,0.059551,Neutral,2022-07-06 13:07:46,-0.027113,Neutral
154,,,,2022-04-04 12:45:00,-0.15235,Somewhat-Bearish,2022-05-03 20:47:59,-0.071436,Neutral,2022-06-03 09:54:16,-0.05237,Neutral,2022-07-06 13:29:00,0.066231,Neutral
155,,,,2022-04-04 12:45:20,-0.15235,Somewhat-Bearish,2022-05-03 22:21:32,0.032072,Neutral,2022-06-03 09:57:00,0.055127,Neutral,2022-07-06 13:36:26,0.027259,Neutral
156,,,,2022-04-04 12:58:53,-0.126949,Neutral,2022-05-03 23:15:30,-0.053974,Neutral,2022-06-03 09:59:00,0.051064,Neutral,2022-07-06 13:49:20,0.113977,Neutral
157,,,,2022-04-04 13:00:04,-0.005487,Neutral,2022-05-04 01:37:24,-0.12376,Neutral,2022-06-03 10:47:38,-0.025968,Neutral,2022-07-06 13:57:00,-0.340471,Somewhat-Bearish
158,,,,2022-04-04 13:00:04,-0.005487,Neutral,2022-05-04 02:08:58,0.004867,Neutral,2022-06-03 11:33:00,-0.027536,Neutral,2022-07-06 14:00:00,-0.041257,Neutral
159,,,,2022-04-04 13:42:39,-0.070702,Neutral,2022-05-04 03:49:17,-0.076541,Neutral,2022-06-03 11:52:40,0.032534,Neutral,2022-07-06 14:00:00,0.068825,Neutral
160,,,,2022-04-04 13:52:31,-0.015839,Neutral,2022-05-04 03:49:47,0.037099,Neutral,2022-06-03 12:53:16,0.040496,Neutral,2022-07-06 14:00:09,0.02049,Neutral
161,,,,2022-04-04 14:10:01,0.057567,Neutral,2022-05-04 04:15:26,-0.138705,Neutral,2022-06-03 13:01:00,0.139568,Neutral,2022-07-06 14:02:17,-0.01613,Neutral
162,,,,2022-04-04 14:43:36,0.254968,Somewhat-Bullish,2022-05-04 04:50:18,-0.062807,Neutral,2022-06-03 13:12:28,-0.092135,Neutral,2022-07-06 14:03:17,0.059107,Neutral
163,,,,2022-04-04 14:44:24,0.136865,Neutral,2022-05-04 05:04:43,-0.099574,Neutral,2022-06-03 13:27:34,0.022334,Neutral,2022-07-06 14:05:32,-0.014026,Neutral
164,,,,2022-04-04 15:10:03,0.141816,Neutral,2022-05-04 05:42:31,0.207348,Somewhat-Bullish,2022-06-03 13:51:42,-0.018638,Neutral,2022-07-06 14:05:52,0.067052,Neutral
165,,,,2022-04-04 15:19:51,0.056336,Neutral,2022-05-04 05:53:35,0.041792,Neutral,2022-06-03 14:22:47,-0.140334,Neutral,2022-07-06 14:05:52,0.067052,Neutral
166,,,,2022-04-04 15:30:00,0.112791,Neutral,2022-05-04 06:00:00,-0.157341,Somewhat-Bearish,2022-06-03 15:00:00,0.008446,Neutral,2022-07-06 14:12:32,-0.048138,Neutral
167,,,,2022-04-04 15:58:58,0.221029,Somewhat-Bullish,2022-05-04 06:05:46,-0.03255,Neutral,2022-06-03 15:00:12,0.136027,Neutral,2022-07-06 14:15:00,0.050096,Neutral
168,,,,2022-04-04 16:00:33,0.018388,Neutral,2022-05-04 06:39:38,-0.042465,Neutral,2022-06-03 15:01:02,-0.057448,Neutral,2022-07-06 14:16:54,-0.12007,Neutral
169,,,,2022-04-04 16:02:00,-0.012985,Neutral,2022-05-04 07:00:00,0.041589,Neutral,2022-06-03 15:20:00,-0.408871,Bearish,2022-07-06 14:37:00,0.029745,Neutral
170,,,,2022-04-04 16:30:00,0.065839,Neutral,2022-05-04 08:00:00,0.049064,Neutral,2022-06-03 15:33:00,0.074703,Neutral,2022-07-06 15:45:11,-0.026862,Neutral
171,,,,2022-04-04 17:02:28,-0.129274,Neutral,2022-05-04 08:17:58,-0.009629,Neutral,2022-06-03 15:42:54,-0.008735,Neutral,2022-07-06 15:51:18,-0.108179,Neutral
172,,,,2022-04-04 17:14:03,0.123188,Neutral,2022-05-04 08:48:04,0.028733,Neutral,2022-06-03 15:48:27,0.026495,Neutral,2022-07-06 15:56:55,-0.083081,Neutral
173,,,,2022-04-04 17:59:00,0.07356,Neutral,2022-05-04 08:54:25,-0.011467,Neutral,2022-06-03 16:10:41,-0.041335,Neutral,2022-07-06 16:15:00,-0.006888,Neutral
174,,,,2022-04-04 17:59:00,0.07356,Neutral,2022-05-04 09:32:33,-0.066059,Neutral,2022-06-03 16:14:00,-0.185351,Somewhat-Bearish,2022-07-06 16:38:04,-0.011669,Neutral
175,,,,2022-04-04 18:01:03,0.0294,Neutral,2022-05-04 09:48:55,-0.071689,Neutral,2022-06-03 16:30:00,-0.015015,Neutral,2022-07-06 17:20:02,-0.125037,Neutral
176,,,,2022-04-04 18:01:30,0.030814,Neutral,2022-05-04 09:49:01,-0.045509,Neutral,2022-06-03 16:34:03,-0.030636,Neutral,2022-07-06 17:39:01,-0.007769,Neutral
177,,,,2022-04-04 18:01:34,0.029669,Neutral,2022-05-04 09:55:00,-0.044389,Neutral,2022-06-03 17:22:28,-0.156399,Somewhat-Bearish,2022-07-06 18:01:26,0.039085,Neutral
178,,,,2022-04-04 18:01:42,0.009448,Neutral,2022-05-04 10:00:58,0.621138,Bullish,2022-06-03 17:35:07,-0.267463,Somewhat-Bearish,2022-07-06 18:01:35,0.014663,Neutral
179,,,,2022-04-04 18:01:48,-0.012759,Neutral,2022-05-04 10:45:00,0.038938,Neutral,2022-06-03 17:39:58,0.058787,Neutral,2022-07-06 18:01:39,0.00955,Neutral
180,,,,2022-04-04 18:01:58,-0.01002,Neutral,2022-05-04 10:46:11,0.014008,Neutral,2022-06-03 18:00:33,-0.062955,Neutral,2022-07-06 18:02:00,-0.007201,Neutral
181,,,,2022-04-04 18:02:08,-0.009564,Neutral,2022-05-04 10:50:23,-0.042929,Neutral,2022-06-03 18:04:00,-0.337426,Somewhat-Bearish,2022-07-06 18:02:22,-0.008487,Neutral
182,,,,2022-04-04 18:07:03,-0.092856,Neutral,2022-05-04 11:00:50,0.127375,Neutral,2022-06-03 18:22:00,-0.369635,Bearish,2022-07-06 18:44:54,-0.021497,Neutral
183,,,,2022-04-04 18:34:00,-0.043998,Neutral,2022-05-04 11:07:10,0.099728,Neutral,2022-06-03 18:29:58,0.020243,Neutral,2022-07-06 18:47:50,-0.100504,Neutral
184,,,,2022-04-04 18:47:06,0.215976,Somewhat-Bullish,2022-05-04 11:45:00,0.0695,Neutral,2022-06-03 19:05:01,-0.581048,Bearish,2022-07-06 18:55:19,0.085743,Neutral
185,,,,2022-04-04 18:52:10,0.001596,Neutral,2022-05-04 11:55:34,-0.023249,Neutral,2022-06-03 19:10:00,-0.114894,Neutral,2022-07-06 19:00:00,0.138991,Neutral
186,,,,2022-04-04 19:07:32,-0.096973,Neutral,2022-05-04 11:58:00,-2.3e-05,Neutral,2022-06-03 19:12:16,0.225299,Somewhat-Bullish,2022-07-06 19:12:00,0.131924,Neutral
187,,,,2022-04-04 19:14:59,-0.106604,Neutral,2022-05-04 11:58:11,-0.011637,Neutral,2022-06-03 19:31:18,0.008844,Neutral,2022-07-06 20:30:00,0.000189,Neutral
188,,,,2022-04-04 19:25:00,-0.043193,Neutral,2022-05-04 12:30:15,0.090673,Neutral,2022-06-03 19:31:55,0.008245,Neutral,2022-07-06 21:20:56,-0.132784,Neutral
189,,,,2022-04-04 19:30:00,0.150331,Somewhat-Bullish,2022-05-04 12:37:03,-0.211818,Somewhat-Bearish,2022-06-03 19:32:05,-0.011605,Neutral,2022-07-07 01:24:21,-0.112514,Neutral
190,,,,2022-04-04 19:30:00,0.033722,Neutral,2022-05-04 12:39:24,0.023188,Neutral,2022-06-03 19:32:13,-0.011708,Neutral,2022-07-07 02:24:53,-0.029722,Neutral
191,,,,2022-04-04 20:25:19,0.127341,Neutral,2022-05-04 12:49:20,0.005817,Neutral,2022-06-03 19:32:47,-0.011738,Neutral,2022-07-07 03:02:52,0.007811,Neutral
192,,,,2022-04-04 20:57:06,-0.143022,Neutral,2022-05-04 12:54:05,-0.057228,Neutral,2022-06-03 19:33:01,-0.009769,Neutral,2022-07-07 05:00:00,-0.005843,Neutral
193,,,,2022-04-04 22:12:26,0.049516,Neutral,2022-05-04 12:59:41,-0.121603,Neutral,2022-06-03 19:33:35,-0.010346,Neutral,2022-07-07 05:00:00,-0.01495,Neutral
194,,,,2022-04-04 23:29:43,-0.083329,Neutral,2022-05-04 13:00:00,-0.14281,Neutral,2022-06-03 19:45:07,-0.42184,Bearish,2022-07-07 06:46:49,-0.136235,Neutral
195,,,,2022-04-04 23:53:43,-0.089246,Neutral,2022-05-04 13:25:00,0.065783,Neutral,2022-06-03 20:00:00,-0.003795,Neutral,2022-07-07 06:57:31,0.029641,Neutral
196,,,,2022-04-05 01:55:37,0.016862,Neutral,2022-05-04 13:28:36,0.012607,Neutral,2022-06-03 20:14:55,-0.176663,Somewhat-Bearish,2022-07-07 08:00:04,-0.059721,Neutral
197,,,,2022-04-05 02:15:00,0.022734,Neutral,2022-05-04 13:54:32,-0.098608,Neutral,2022-06-03 20:57:55,-0.058966,Neutral,2022-07-07 08:34:33,-0.219588,Somewhat-Bearish
198,,,,2022-04-05 02:42:53,0.02349,Neutral,2022-05-04 13:55:09,-0.15283,Somewhat-Bearish,2022-06-03 22:03:03,0.03795,Neutral,2022-07-07 09:32:31,0.032564,Neutral
199,,,,2022-04-05 02:55:43,-0.007155,Neutral,2022-05-04 14:00:19,0.02816,Neutral,2022-06-03 23:18:54,0.005506,Neutral,2022-07-07 10:00:55,0.033222,Neutral
