Date,Open,High,Low,Close,Volume,Market Cap
8/21/2020,3.2038,3.24,2.89,2.9317,1131895.9,1131895.9
8/22/2020,2.9213,3.2,2.7431,3.0126,1169417.78,1169417.78
8/23/2020,3.0224,3.4,3.0014,3.25,1198036.69,1198036.69
8/24/2020,3.2658,3.62,3.21,3.3405,1315196.06,1315196.06
8/25/2020,3.3406,3.3654,3.0001,3.25,1149187.37,1149187.37
8/26/2020,3.2576,3.7999,3.1809,3.5684,2290030.56,2290030.56
8/27/2020,3.5557,3.8575,3.2434,3.4501,2412974.8,2412974.8
8/28/2020,3.4503,4.3091,3.4503,4.0063,2581936.84,2581936.84
8/29/2020,4.007,4.1121,3.7748,3.9535,1342844.2,1342844.2
8/30/2020,3.9531,4.7117,3.9,4.4309,1815681.99,1815681.99
8/31/2020,4.4127,4.8865,4.1,4.7435,1497129.12,1497129.12
9/1/2020,4.7432,4.9475,4.3,4.3397,1267574.76,1267574.76
9/2/2020,4.3213,4.3506,3.66,4.17,2002058.36,2002058.36
9/3/2020,4.17,4.459,3.4772,3.5051,3275612.26,3275612.26
9/4/2020,3.5062,3.8346,3.1739,3.5301,2052197.24,2052197.24
9/5/2020,3.5301,3.6637,2.0926,2.6052,4426267.38,4426267.38
9/6/2020,2.6119,3.18,2.2575,3.0941,2898758.91,2898758.91
9/7/2020,3.0785,3.1983,2.38,2.9237,2680083.17,2680083.17
9/8/2020,2.9237,2.9499,2.4,2.468,1626389.7,1626389.7
9/9/2020,2.468,3.8838,2.3821,3.6001,6691121.99,6691121.99
9/10/2020,3.6107,3.875,3.304,3.4761,4356890.66,4356890.66
9/11/2020,3.4707,3.5036,3.0316,3.3965,2227636.94,2227636.94
9/12/2020,3.3967,3.47,3.1494,3.3316,1161542.47,1161542.47
9/13/2020,3.3386,3.47,2.9838,3.2603,2024779.41,2024779.41
9/14/2020,3.2656,3.5393,3.0752,3.2641,3351649.61,3351649.61
9/15/2020,3.264,3.3249,2.8955,2.9295,1698391.09,1698391.09
9/16/2020,2.9288,2.9293,2.4282,2.5327,4886766.99,4886766.99
9/17/2020,2.5376,2.9389,2.36,2.8829,4635747.31,4635747.31
9/18/2020,2.883,3.16,2.726,3.1144,4169446.23,4169446.23
9/19/2020,3.1084,3.2545,2.9564,3.031,1586219.86,1586219.86
9/20/2020,3.0216,3.0319,2.7,2.8628,1456628.58,1456628.58
9/21/2020,2.8628,3.0397,2.4689,2.7672,3567879.31,3567879.31
9/22/2020,2.7571,3.0107,2.65,2.9082,3416786.33,3416786.33
9/23/2020,2.9184,3.09,2.7001,2.8548,2762150.96,2762150.96
9/24/2020,2.855,3.2571,2.7804,3.1433,2983701.04,2983701.04
9/25/2020,3.1409,3.2766,2.9003,3.1937,2447843.22,2447843.22
9/26/2020,3.185,3.25,3.03,3.1287,1357018.72,1357018.72
9/27/2020,3.1292,3.1857,2.9819,3.1578,983815.86,983815.86
9/28/2020,3.1557,3.2109,2.908,2.9599,1306134.15,1306134.15
9/29/2020,2.9549,3.027,2.8735,2.9505,950875.56,950875.56
9/30/2020,2.9447,2.9838,2.8228,2.8967,722757.83,722757.83
10/1/2020,2.8967,2.9889,2.65,2.8669,1373061.59,1373061.59
10/2/2020,2.8667,2.8873,2.42,2.6232,2788493.11,2788493.11
10/3/2020,2.6231,2.6708,2.5356,2.5439,547025.23,547025.23
10/4/2020,2.542,2.5898,2.42,2.5202,765399.21,765399.21
10/5/2020,2.5181,2.683,2.4561,2.6522,912587.17,912587.17
10/6/2020,2.6486,2.6604,2.13,2.174,1784025.33,1784025.33
10/7/2020,2.1721,2.4083,2.081,2.3005,2087951.2,2087951.2
10/8/2020,2.3001,2.4569,2.0123,2.3638,2759189.94,2759189.94
10/9/2020,2.3686,2.63,2.303,2.5314,1878523.79,1878523.79
10/10/2020,2.5274,2.6056,2.3873,2.3999,1278940.27,1278940.27
10/11/2020,2.3988,2.4607,2.3401,2.4227,898764.08,898764.08
10/12/2020,2.4228,2.7044,2.4132,2.5836,2155387.01,2155387.01
10/13/2020,2.5826,2.5867,2.336,2.4062,1951031.1,1951031.1
10/14/2020,2.4061,2.4424,2.2331,2.3107,1125385.85,1125385.85
10/15/2020,2.3108,2.3485,2.1932,2.2682,754909.09,754909.09
10/16/2020,2.2648,2.269,2.1071,2.1398,1546650.13,1546650.13
10/17/2020,2.1374,2.2462,2.1107,2.2053,482249.55,482249.55
10/18/2020,2.2031,2.2595,2.1763,2.215,478921.26,478921.26
10/19/2020,2.2137,2.2148,2.05,2.0592,909217.19,909217.19
10/20/2020,2.0552,2.108,1.8401,1.885,1933167.04,1933167.04
10/21/2020,1.8873,2.11,1.8415,1.8887,3222724.75,3222724.75
10/22/2020,1.8868,2.09,1.8481,1.9582,1624778.09,1624778.09
10/23/2020,1.9566,1.9902,1.85,1.959,1559992.35,1559992.35
10/24/2020,1.9652,1.973,1.88,1.9142,748093.83,748093.83
10/25/2020,1.9175,1.9244,1.76,1.7926,1365865.99,1365865.99
10/26/2020,1.7925,1.8685,1.6121,1.6799,2021871.84,2021871.84
10/27/2020,1.6771,1.75,1.5906,1.711,2591150.26,2591150.26
10/28/2020,1.7084,1.7255,1.4508,1.518,3354618.28,3354618.28
10/29/2020,1.5166,1.5754,1.4148,1.4327,1233628.05,1233628.05
10/30/2020,1.4328,1.4726,1.3163,1.4381,1401628.09,1401628.09
10/31/2020,1.4383,1.558,1.4266,1.5497,851989.58,851989.58
11/1/2020,1.5497,1.6463,1.5137,1.608,960664.24,960664.24
11/2/2020,1.6076,1.6432,1.4621,1.4738,867738.07,867738.07
11/3/2020,1.4729,1.484,1.4062,1.4118,983164.88,983164.88
11/4/2020,1.4123,1.4144,1.2733,1.3912,2560523.86,2560523.86
11/5/2020,1.3895,1.4928,1.3,1.4007,1598492.56,1598492.56
11/6/2020,1.403,1.9482,1.3946,1.9,3846546.9,3846546.9
11/7/2020,1.9069,2.4975,1.8276,2.0215,8862610.63,8862610.63
11/8/2020,2.0264,2.2825,1.9608,2.1558,4800345.92,4800345.92
11/9/2020,2.1515,2.1991,1.9456,2.0299,3050443.52,3050443.52
11/10/2020,2.0383,2.3257,2.008,2.2661,2119423.36,2119423.36
11/11/2020,2.2665,2.3,1.9673,2,1863686.19,1863686.19
11/12/2020,2,2.06,1.825,1.9089,1522310.89,1522310.89
11/13/2020,1.9089,2.0808,1.8997,2.0141,1595684.08,1595684.08
11/14/2020,2.0222,2.0374,1.869,1.9182,1191847.42,1191847.42
11/15/2020,1.9204,2.218,1.9133,2.0407,3348186.49,3348186.49
11/16/2020,2.039,2.37,1.9858,2.2626,3192029.56,3192029.56
11/17/2020,2.2665,2.33,2.125,2.1998,2311120.85,2311120.85
11/18/2020,2.1962,2.2173,2.0001,2.1153,2054379.16,2054379.16
11/19/2020,2.1122,2.1848,2.0136,2.085,1391861.95,1391861.95
11/20/2020,2.0841,2.2387,2.0521,2.1033,1589414.51,1589414.51
11/21/2020,2.0999,2.51,2.0351,2.3822,2963489.5,2963489.5
11/22/2020,2.3825,2.4201,2.04,2.1514,2448127.25,2448127.25
11/23/2020,2.161,2.3635,2.112,2.2786,2094160.76,2094160.76
11/24/2020,2.2786,2.4731,2.1338,2.2823,3534792.04,3534792.04
11/25/2020,2.2795,2.49,2.1703,2.2661,3597681.61,3597681.61
11/26/2020,2.2653,2.3101,1.7212,1.9111,6803274.72,6803274.72
11/27/2020,1.9117,2.04,1.7694,1.861,1802241.32,1802241.32
11/28/2020,1.8644,1.94,1.8016,1.8868,1381390.77,1381390.77
11/29/2020,1.8858,1.947,1.85,1.9153,862711.64,862711.64
11/30/2020,1.9184,2.0182,1.9034,1.9665,1094620.01,1094620.01
12/1/2020,1.9641,2.1404,1.9168,1.9738,2102911.64,2102911.64
12/2/2020,1.9702,2.2098,1.9333,2.1209,2203748.48,2203748.48
12/3/2020,2.119,2.2279,2.074,2.0967,3182362.33,3182362.33
12/4/2020,2.0967,2.1123,1.836,1.8535,1424943.39,1424943.39
12/5/2020,1.8507,1.983,1.82,1.9795,1087998.4,1087998.4
12/6/2020,1.9795,1.9907,1.7956,1.8505,1125736.37,1125736.37
12/7/2020,1.8515,1.899,1.8088,1.8272,962743.7,962743.7
12/8/2020,1.8301,1.8301,1.6211,1.6631,2296665.59,2296665.59
12/9/2020,1.66,1.6777,1.5,1.6592,2093499.32,2093499.32
12/10/2020,1.6599,1.6664,1.5395,1.5683,1061425.89,1061425.89
12/11/2020,1.5739,1.5774,1.4328,1.4389,1429080.75,1429080.75
12/12/2020,1.4368,1.5382,1.4366,1.4912,1423640.73,1423640.73
12/13/2020,1.4909,1.7,1.4578,1.5701,1749534.43,1749534.43
12/14/2020,1.5651,1.6253,1.5224,1.5946,1503571.44,1503571.44
12/15/2020,1.594,1.8039,1.5875,1.7586,3562068.86,3562068.86
12/16/2020,1.7577,1.7919,1.6025,1.7829,3098111.32,3098111.32
12/17/2020,1.78,1.8064,1.6382,1.68,2528060.41,2528060.41
12/18/2020,1.6769,1.7077,1.6307,1.7014,1127224.49,1127224.49
12/19/2020,1.6987,1.7677,1.6595,1.6707,1332107.96,1332107.96
12/20/2020,1.6706,1.6889,1.521,1.5635,1368277.59,1368277.59
12/21/2020,1.5605,1.62,1.49,1.5331,1265977.95,1265977.95
12/22/2020,1.5354,1.5799,1.47,1.49,2035459.3,2035459.3
12/23/2020,1.49,1.5126,1.0301,1.198,4351555.9,4351555.9
12/24/2020,1.1987,1.3888,1.1652,1.3612,1784967.07,1784967.07
12/25/2020,1.3641,1.4599,1.3417,1.4464,1391332.89,1391332.89
12/26/2020,1.4488,1.4497,1.3118,1.3258,912192.33,912192.33
12/27/2020,1.324,1.417,1.2616,1.3037,2170898.45,2170898.45
12/28/2020,1.3041,1.5223,1.2867,1.5172,2158620.57,2158620.57
12/29/2020,1.5187,1.735,1.4388,1.6704,4870104.61,4870104.61
12/30/2020,1.6734,1.6903,1.5235,1.535,2171296.28,2171296.28
12/31/2020,1.5337,1.5523,1.42,1.5073,2169627.35,2169627.35
1/1/2021,1.5088,1.86,1.499,1.8421,4421991.45,4421991.45
1/2/2021,1.8421,2,1.7116,1.7999,5253819.62,5253819.62
1/3/2021,1.7998,2.38,1.7973,2.1779,8318341.13,8318341.13
1/4/2021,2.1789,2.4989,1.86,2.4909,7800814.8,7800814.8
1/5/2021,2.4911,2.5093,2.0621,2.1636,6702006.99,6702006.99
1/6/2021,2.1636,2.189,1.9017,1.9414,8451529.47,8451529.47
1/7/2021,1.9404,2.65,1.9214,2.3635,30861006.24,30861006.24
1/8/2021,2.3655,3.8,2.175,3.2214,29866396.67,29866396.67
1/9/2021,3.212,3.6998,2.93,3.3829,9881188.65,9881188.65
1/10/2021,3.3734,3.7517,3.1556,3.449,5819813.51,5819813.51
1/11/2021,3.4455,3.5282,2.5795,3.1016,8755693.07,8755693.07
1/12/2021,3.1016,3.88,3.058,3.6354,7075911.68,7075911.68
1/13/2021,3.6354,3.637,3.2633,3.5242,5123655.8,5123655.8
1/14/2021,3.5243,3.5955,3.1814,3.2921,6422109.73,6422109.73
1/15/2021,3.2921,3.4489,2.9618,3.2475,4812542.83,4812542.83
1/16/2021,3.2479,3.7081,3.2463,3.4247,8562549.63,8562549.63
1/17/2021,3.4251,3.9876,3.3,3.8268,8531899.81,8531899.81
1/18/2021,3.8243,4.17,3.6167,3.7868,6226924.77,6226924.77
1/19/2021,3.7873,4.0498,3.6,3.6287,4768719.77,4768719.77
1/20/2021,3.6288,3.7413,3.34,3.7166,4801640.28,4801640.28
1/21/2021,3.7199,3.7411,2.9717,2.9899,4385838.62,4385838.62
1/22/2021,2.9893,3.4992,2.5295,3.3352,6481502.65,6481502.65
1/23/2021,3.3302,3.6,3.3056,3.5079,2269454.7,2269454.7
1/24/2021,3.5018,3.79,3.4781,3.6278,2457759.67,2457759.67
1/25/2021,3.6287,3.9928,3.4398,3.7038,6791542.33,6791542.33
1/26/2021,3.7036,4.097,3.6478,4.041,6618303.9,6618303.9
1/27/2021,4.0418,4.0422,3.5114,3.675,2491757.82,2491757.82
1/28/2021,3.664,3.96,3.6,3.81,2055425.01,2055425.01
1/29/2021,3.8092,3.912,3.6,3.8293,2992168.86,2992168.86
1/30/2021,3.8301,4.3179,3.7667,4.228,3944655.04,3944655.04
1/31/2021,4.228,4.805,4.154,4.2525,5438870.48,5438870.48
2/1/2021,4.2568,4.617,4.1075,4.6148,2097052.47,2097052.47
2/2/2021,4.6148,5.4026,4.4632,5.2331,5278922.61,5278922.61
2/3/2021,5.243,5.783,5.0513,5.7311,3977458.72,3977458.72
2/4/2021,5.7339,6.5426,5.5676,6.4085,5609382.39,5609382.39
2/5/2021,6.4181,7.1438,6.4086,6.7005,4235525.49,4235525.49
2/6/2021,6.7001,6.8181,5.7,6.1225,5040208.25,5040208.25
2/7/2021,6.1219,6.8807,5.75,6.6976,5111066.89,5111066.89
2/8/2021,6.6931,8.078,6.4554,7.855,6719151.08,6719151.08
2/9/2021,7.8651,8.4945,7.55,7.8005,4803489.37,4803489.37
2/10/2021,7.8005,9.09,7.26,9.09,4419421.79,4419421.79
2/11/2021,9.0897,9.7425,8.72,9.2004,5694878.77,5694878.77
2/12/2021,9.2058,9.93,9.0353,9.2,2867258.84,2867258.84
2/13/2021,9.2007,9.5117,8.658,8.7441,3487478.68,3487478.68
2/14/2021,8.7448,9.23,8.5293,8.7158,2889949.04,2889949.04
2/15/2021,8.7234,9.38,7.7,8.8516,3424896.19,3424896.19
2/16/2021,8.866,9,7.9601,8.3002,2257217.69,2257217.69
2/17/2021,8.3035,8.45,7.5182,8.2357,3331645.44,3331645.44
2/18/2021,8.2412,9.32,8.23,8.9771,2479859.19,2479859.19
2/19/2021,8.988,11.85,8.5257,11.4912,7106323.06,7106323.06
2/20/2021,11.4845,11.8327,9.754,9.9869,4731324.37,4731324.37
2/21/2021,9.9849,11.6707,9.8101,11.0753,3694265.15,3694265.15
2/22/2021,11.0738,14.8,9.1,14.4191,14711670.8,14711670.8
2/23/2021,14.4176,15.8888,11.47,15.2244,24306320.76,24306320.76
2/24/2021,15.2389,18.2052,14.7917,17.1691,10777544.75,10777544.75
2/25/2021,17.1745,17.69,13.6579,13.8442,9520373.92,9520373.92
2/26/2021,13.8565,15.5083,13.1,13.5962,8029513.17,8029513.17
2/27/2021,13.5864,14.8359,13.01,13.1916,6232463.19,6232463.19
2/28/2021,13.1853,13.7739,11.417,13.0887,7231344.75,7231344.75
3/1/2021,13.08,15.5469,13.0102,14.9855,5511248.26,5511248.26
3/2/2021,14.9989,15.25,13.3544,13.9438,4128426.11,4128426.11
3/3/2021,13.9546,14.738,13.7018,14.0742,3277327.93,3277327.93
3/4/2021,14.0936,14.2737,12.736,13.0508,2764372.37,2764372.37
3/5/2021,13.0649,13.0992,12.1251,12.5382,2069391.25,2069391.25
3/6/2021,12.5507,13.31,11.9,13.0421,3061674.23,3061674.23
3/7/2021,13.0443,14.014,12.7049,13.8174,2999418.25,2999418.25
3/8/2021,13.8174,13.906,12.996,13.6028,2116684.52,2116684.52
3/9/2021,13.608,14.9921,13.1985,14.839,2594490.9,2594490.9
3/10/2021,14.85,15.2118,14.0525,14.2048,1943926.1,1943926.1
3/11/2021,14.2011,16.3222,13.67,16.031,4125742.57,4125742.57
3/12/2021,16.0519,16.5,14.0803,14.5597,3678388.38,3678388.38
3/13/2021,14.5532,15.4072,13.8439,15.3033,2632320.37,2632320.37
3/14/2021,15.2902,15.376,14.3399,14.4605,1750244.94,1750244.94
3/15/2021,14.461,14.8214,13.6179,14.1577,2020949.93,2020949.93
3/16/2021,14.1586,14.2933,13.1389,13.6392,2501657.49,2501657.49
3/17/2021,13.6379,14.2685,13.0326,14.2018,1703006.56,1703006.56
3/18/2021,14.1987,14.75,13.957,14.204,1576671.71,1576671.71
3/19/2021,14.2153,14.4883,13.8554,14.1552,1461762.29,1461762.29
3/20/2021,14.1588,14.9793,14.09,14.1894,1393209.56,1393209.56
3/21/2021,14.1788,14.3636,13.638,14.3372,1191850.82,1191850.82
3/22/2021,14.3372,16.59,14.1697,14.7964,5102991.54,5102991.54
3/23/2021,14.7962,15.227,14.0146,14.1552,2004427.43,2004427.43
3/24/2021,14.1433,15.3719,13.5842,13.5973,2317339.72,2317339.72
3/25/2021,13.5844,13.7329,12.47,12.9787,2292323.1,2292323.1
3/26/2021,12.9789,14.7921,12.3043,14.7664,2972281.77,2972281.77
3/27/2021,14.7751,16.8,14.7173,16.4589,4053893.7,4053893.7
3/28/2021,16.4516,19.38,16.3049,18.0645,7200727.49,7200727.49
3/29/2021,18.0645,19,17.6439,18.9504,3064381.78,3064381.78
3/30/2021,18.9504,20.87,18.9105,19.0685,3808354.1,3808354.1
3/31/2021,19.0645,19.8154,18,19.3861,2784733.45,2784733.45
4/1/2021,19.3818,20.3583,18.7433,19.0443,2230609.34,2230609.34
4/2/2021,19.0443,19.8003,18.345,19.7501,1773300.55,1773300.55
4/3/2021,19.7513,23.8476,19.7228,22.5,6266319.5,6266319.5
4/4/2021,22.4672,25.5309,21.9867,23.7755,5274539.83,5274539.83
4/5/2021,23.7755,24.78,22.7664,22.9717,2821214.21,2821214.21
4/6/2021,22.9876,25.3,21.7554,25.0548,3326493.23,3326493.23
4/7/2021,25.0548,27.5203,22.9078,26.5385,7815658.63,7815658.63
4/8/2021,26.537,27.9951,25.6431,26.9384,4209553.61,4209553.61
4/9/2021,26.9261,29,26.7097,27.6172,3037133.3,3037133.3
4/10/2021,27.6194,28.2948,25.9017,26.8021,2705997.06,2705997.06
4/11/2021,26.7993,28.649,25.5131,27.8517,2517685.81,2517685.81
4/12/2021,27.8598,29.9295,26.8049,28.5424,2842013.26,2842013.26
4/13/2021,28.5266,28.8162,26.2616,27.4507,2275774.43,2275774.43
4/14/2021,27.4571,27.5613,24.7,26.4067,3623963.28,3623963.28
4/15/2021,26.4182,28.2,25.4479,27.7816,2146653.64,2146653.64
4/16/2021,27.7946,28.2571,24.8547,25.2996,2673912.32,2673912.32
4/17/2021,25.2926,26.7914,24.8181,24.85,2442737.39,2442737.39
4/18/2021,24.8517,32.99,21.1,32.3358,11699397.05,11699397.05
4/19/2021,32.3324,36.095,29.8066,31.4711,12075270.9,12075270.9
4/20/2021,31.5303,32.8,28.81,31.7028,7036100.92,7036100.92
4/21/2021,31.6939,35.1801,30.1101,32.5534,6573327.09,6573327.09
4/22/2021,32.5965,41.1587,31.4586,38.9,14017530.86,14017530.86
4/23/2021,38.8718,41.74,31.4936,37.3893,14705148.48,14705148.48
4/24/2021,37.3018,43.6397,34.5861,40.8401,9722785.06,9722785.06
4/25/2021,40.8525,48.644,40.572,47.405,11964753.8,11964753.8
4/26/2021,47.395,48.499,43.267,43.878,11079170.6,11079170.6
4/27/2021,43.884,46.606,42.5,43.147,7101848.718,7101848.718
4/28/2021,43.147,46.962,40.516,44.833,7855066.319,7855066.319
4/29/2021,44.831,46.233,40.906,42.484,5805381.221,5805381.221
4/30/2021,42.452,44.313,41.21,42.786,3302673.311,3302673.311
5/1/2021,42.786,49.88,42.001,49.67,5804048.045,5804048.045
5/2/2021,49.646,49.99,45.904,46.897,3794411.245,3794411.245
5/3/2021,46.926,49,44.774,45.912,3686007.369,3686007.369
5/4/2021,45.935,47.81,42.26,42.636,4180557.381,4180557.381
5/5/2021,42.636,46,42.305,44.98,2772821.523,2772821.523
5/6/2021,44.965,44.98,42.55,43.496,2337263.012,2337263.012
5/7/2021,43.496,46.243,41.42,43.182,3259646.399,3259646.399
5/8/2021,43.154,46.65,42.275,45.612,2539093.011,2539093.011
5/9/2021,45.632,47.15,42.6,44.33,3095018.717,3095018.717
5/10/2021,44.33,45.89,39,42.854,2869549.017,2869549.017
5/11/2021,42.868,45.18,39.7,44.538,2758407.694,2758407.694
5/12/2021,44.579,49.243,42.18,43.709,7592760.128,7592760.128
5/13/2021,43.394,45.501,37.43,41.049,7162647.061,7162647.061
5/14/2021,41.051,44.897,39.901,42.7,3421838.277,3421838.277
5/15/2021,42.697,45.5,39.305,43.486,3357108.617,3357108.617
5/16/2021,43.462,52.6,41.602,46.85,13162867.43,13162867.43
5/17/2021,46.85,51.985,43.01,46.708,13839076.48,13839076.48
5/18/2021,46.747,58.38,46.051,55.977,12538546.7,12538546.7
5/19/2021,55.969,57.691,26.5,34.988,22259967.85,22259967.85
5/20/2021,34.987,53,32,44.42,17869805.91,17869805.91
5/21/2021,44.367,47.7,33.673,38.925,13740700.64,13740700.64
5/22/2021,38.925,40,31.134,31.222,10122098.01,10122098.01
5/23/2021,31.222,32.4,19.117,24.536,25787150.86,25787150.86
5/24/2021,24.53,32.19,24.496,31.416,15414302.32,15414302.32
5/25/2021,31.42,33.195,25.915,29.973,10300933.61,10300933.61
5/26/2021,29.985,37.25,28.858,35.43,10601343.23,10601343.23
5/27/2021,35.427,35.594,30.976,33.747,5698854.676,5698854.676
5/28/2021,33.761,34.551,28,28.989,6370726.751,6370726.751
5/29/2021,28.993,30.066,25.7,27.388,3911549.6,3911549.6
5/30/2021,27.407,29.781,25.586,28.588,3964240.919,3964240.919
5/31/2021,28.573,33.014,27.489,32.75,5173286.471,5173286.471
6/1/2021,32.759,33.285,29.852,30.938,4046865.202,4046865.202
6/2/2021,30.931,35.129,30.402,33.994,4549289.133,4549289.133
6/3/2021,33.994,41.523,33.736,39.602,7862225.094,7862225.094
6/4/2021,39.599,39.737,34.187,37.338,8825815.938,8825815.938
6/5/2021,37.356,42.787,36.982,39.633,8654823.195,8654823.195
6/6/2021,39.663,43.4,38.912,42.205,6151664.294,6151664.294
6/7/2021,42.2,44.2,37.8,38.235,8050031.335,8050031.335
6/8/2021,38.2,42.596,33.6,41.245,16902544.68,16902544.68
6/9/2021,41.245,44,39.291,42.032,10764252.94,10764252.94
6/10/2021,42.032,43.097,39.459,41.105,5155108.071,5155108.071
6/11/2021,41.091,41.376,35.074,36.157,4760990.078,4760990.078
6/12/2021,36.131,37.64,34.1,36.476,5196242.998,5196242.998
6/13/2021,36.492,39.442,34.72,38.706,4063329.112,4063329.112
6/14/2021,38.713,40.561,36.627,39.694,4590144.279,4590144.279
6/15/2021,39.7,41.741,39.154,39.536,3725999.561,3725999.561
6/16/2021,39.513,41.75,37.455,39.728,5055331.868,5055331.868
6/17/2021,39.73,41.264,38.211,39.265,3274621.978,3274621.978
6/18/2021,39.259,39.502,34.898,36.82,3777138.806,3777138.806
6/19/2021,36.802,37.318,34.901,35.19,2216638.028,2216638.028
6/20/2021,35.195,35.949,31.3,35.257,3938821.53,3938821.53
6/21/2021,35.248,35.499,25.925,26.59,8213916.627,8213916.627
6/22/2021,26.597,28.813,20.187,26.958,15788825.96,15788825.96
6/23/2021,26.957,32.9,25.626,30.837,11966311.25,11966311.25
6/24/2021,30.835,33,28.481,31.141,7214092.912,7214092.912
6/25/2021,31.144,32.989,27.949,28.641,7293143.176,7293143.176
6/26/2021,28.619,30.181,26.659,29.698,6492984.234,6492984.234
6/27/2021,29.691,31.95,29.186,31.897,5851211.914,5851211.914
6/28/2021,31.883,34.34,30.961,33.001,4996728.013,4996728.013
6/29/2021,33.018,35.837,32.665,33.97,4476285.792,4476285.792
6/30/2021,33.974,36,31.555,35.51,5361423.665,5361423.665
7/1/2021,35.51,35.567,32.17,33.271,4488924.899,4488924.899
7/2/2021,33.27,34.217,31.367,34,4324198.276,4324198.276
7/3/2021,34.001,35.406,33.217,34.498,3063406.141,3063406.141
7/4/2021,34.497,35.531,33.533,34.28,2972213.418,2972213.418
7/5/2021,34.278,34.49,32.37,32.908,3008984.082,3008984.082
7/6/2021,32.908,35.041,32.883,34.226,3289698.061,3289698.061
7/7/2021,34.221,38.1,33.82,36.673,4609258.553,4609258.553
7/8/2021,36.667,36.934,32.654,33.142,4495022.54,4495022.54
7/9/2021,33.134,34.46,31.976,33.315,2810263.602,2810263.602
7/10/2021,33.315,34.215,31.025,31.693,2838074.586,2838074.586
7/11/2021,31.716,32.568,31.3,32.182,1944815.804,1944815.804
7/12/2021,32.173,32.696,30.011,30.77,2251239.269,2251239.269
7/13/2021,30.77,31.096,28.81,29.136,1837132.436,1837132.436
7/14/2021,29.154,31.5,27.363,31.365,3434185.178,3434185.178
7/15/2021,31.365,31.485,27.975,28.545,3643011.529,3643011.529
7/16/2021,28.562,29.478,26.196,26.271,2923575.792,2923575.792
7/17/2021,26.269,27.836,25.979,26.802,2122389.101,2122389.101
7/18/2021,26.789,27.756,26.233,26.673,1727601.788,1727601.788
7/19/2021,26.679,26.71,23.975,24.509,3131177.977,3131177.977
7/20/2021,24.524,24.982,22.1,23.474,3555428.542,3555428.542
7/21/2021,23.484,27.461,22.8,26.7,4561993.007,4561993.007
7/22/2021,26.706,28.17,25.91,27.699,2643783.144,2643783.144
7/23/2021,27.7,28.713,26.385,28.516,3040520.321,3040520.321
7/24/2021,28.53,29.548,28.013,28.616,2678108.81,2678108.81
7/25/2021,28.626,28.898,26.5,28.248,2350991.534,2350991.534
7/26/2021,28.247,31.115,27.83,28.184,6221691.897,6221691.897
7/27/2021,28.183,28.95,26.893,28.103,3008374.757,3008374.757
7/28/2021,28.119,28.76,27.354,27.875,2329901.559,2329901.559
7/29/2021,27.891,31.888,27.319,31.235,3692050.445,3692050.445
7/30/2021,31.238,33.084,29.91,32.354,4970660.009,4970660.009
7/31/2021,32.354,37.004,31.653,36.744,4320145.537,4320145.537
8/1/2021,36.742,36.822,33.165,34.165,3490975.158,3490975.158
8/2/2021,34.178,35.95,33,33.167,3105881.294,3105881.294
8/3/2021,33.177,35.9,32.327,34.105,3490191.638,3490191.638
8/4/2021,34.094,36.658,33.236,35.76,2847838.669,2847838.669
8/5/2021,35.757,38.267,35.5,37.353,4059371.083,4059371.083
8/6/2021,37.354,40.4,35.611,39.525,3951317.574,3951317.574
8/7/2021,39.502,40.5,37.502,39.469,3561767.701,3561767.701
8/8/2021,39.454,39.549,36.896,37.65,2030535.723,2030535.723
8/9/2021,37.653,39.999,36.351,38.646,2128198.741,2128198.741
8/10/2021,38.646,41.678,38.183,40.64,2603195.665,2603195.665
8/11/2021,40.639,43.729,40.605,41.621,2512250.555,2512250.555
8/12/2021,41.619,43.401,39.316,41.102,2413664.412,2413664.412
8/13/2021,41.105,44.911,40.668,44.83,2281339.99,2281339.99
8/14/2021,44.859,44.874,42.727,44.14,1548818.722,1548818.722
8/15/2021,44.124,54.8,43.361,53.531,6264283.565,6264283.565
8/16/2021,53.515,69.132,52.269,62.016,15014364.93,15014364.93
8/17/2021,62.042,75.155,58.822,64.123,14953825.95,14953825.95
8/18/2021,64.135,80.5,59.722,72.663,15022132.45,15022132.45
8/19/2021,72.659,75.436,68.24,72.764,7819221.598,7819221.598
8/20/2021,72.8,80,70.873,78.643,5705076.722,5705076.722
8/21/2021,78.684,82,72.6,73.801,5131799.362,5131799.362
8/22/2021,73.852,77.6,71.244,72.775,2862187.053,2862187.053
8/23/2021,72.751,76.81,71.545,75.623,4150780.595,4150780.595
8/24/2021,75.647,79.45,68.5,70.527,6792636.137,6792636.137
8/25/2021,70.519,72.83,66.03,71.973,5069064.804,5069064.804
8/26/2021,71.982,78.3,66.2,74.92,6563670.747,6563670.747
8/27/2021,74.92,88.92,72.55,87.98,8785637.093,8785637.093
8/28/2021,87.98,97.82,85.59,96.22,5774371.258,5774371.258
8/29/2021,96.17,97.82,90.3,94.23,4171861.65,4171861.65
8/30/2021,94.23,116.84,93.58,110.25,11109542.62,11109542.62
8/31/2021,110.26,130.11,103.06,108.27,16509565.59,16509565.59
9/1/2021,108.27,119.72,105.89,110.71,8028303.79,8028303.79
9/2/2021,110.71,131.96,109.18,128.23,9206853.472,9206853.472
9/3/2021,128.2,148.99,128.12,146.4,11927061.37,11927061.37
9/4/2021,146.36,150.6,135.73,138.88,6134062.526,6134062.526
9/5/2021,138.88,144.99,134.74,142,4619885.42,4619885.42
9/6/2021,141.98,166.13,136.92,164.22,8435542.353,8435542.353
9/7/2021,164.19,195.48,128.01,173.46,24376489.01,24376489.01
9/8/2021,173.49,198,146.5,191.02,16666845.8,16666845.8
9/9/2021,191.02,216,180.7,187.9,16349677.82,16349677.82
9/10/2021,187.89,197.41,167.82,179.6,9055410.7,9055410.7
9/11/2021,179.6,193.51,175.14,179.04,6794663.25,6794663.25
9/12/2021,179.05,181.75,170.15,174.29,3661211.64,3661211.64
9/13/2021,174.31,175,150.3,169.53,8423839.46,8423839.46
9/14/2021,169.54,171.83,142.6,158.88,7981396.52,7981396.52
9/15/2021,158.72,166.5,153.69,158.79,6107319.6,6107319.6
9/16/2021,158.77,163.5,147.35,152.29,4739595.73,4739595.73
9/17/2021,152.3,153.55,134,147.58,7629925.55,7629925.55
9/18/2021,147.59,171.47,144.1,169.22,8229799.94,8229799.94
9/19/2021,169.22,170.96,150.6,152.76,4945800.1,4945800.1
9/20/2021,152.78,153.43,130.26,132.77,10153368.71,10153368.71
9/21/2021,132.77,144.64,116,124.29,9608867.72,9608867.72
9/22/2021,124.3,151.36,122.1,148.02,7460596.34,7460596.34
9/23/2021,148.02,152.5,142.92,149.91,5188932.77,5188932.77
9/24/2021,149.9,151.2,128.15,139.13,6710404.45,6710404.45
9/25/2021,139.11,144.18,133.54,136.06,3212733.31,3212733.31
9/26/2021,136.05,140.81,124.8,135.64,4342156.13,4342156.13
9/27/2021,135.7,148.92,133.72,136.35,5195624.27,5195624.27
9/28/2021,136.34,139.4,128.17,132.2,3899945.58,3899945.58
9/29/2021,132.22,140.17,131.12,135.25,3685498.28,3685498.28
9/30/2021,135.24,142.95,134.02,141.37,3361454.58,3361454.58
10/1/2021,141.38,164.95,138.25,161.56,6742166.88,6742166.88
10/2/2021,161.62,175,156.06,168.98,5059987.02,5059987.02
10/3/2021,169,177.79,165.58,172.98,4233767.25,4233767.25
10/4/2021,172.99,173.34,162,167.13,4312499.92,4312499.92
10/5/2021,167.13,170.18,159.68,164.62,3378441.71,3378441.71
10/6/2021,164.64,165.42,150.1,153.87,4499161.76,4499161.76
10/7/2021,153.9,161.42,150.34,154.26,3251376.58,3251376.58
10/8/2021,154.26,168.97,152.39,158.86,3735085.38,3735085.38
10/9/2021,158.88,161.54,154.18,156.84,1833309.02,1833309.02
10/10/2021,156.8,158.5,145.55,147.55,2037895.69,2037895.69
10/11/2021,147.56,154,140.24,144.77,2211323.14,2211323.14
10/12/2021,144.79,153.5,137.61,152.32,3377483.32,3377483.32
10/13/2021,152.35,155.56,144.28,148.04,2760546,2760546
10/14/2021,148.05,155.65,147.27,150.02,2654600.61,2654600.61
10/15/2021,150.01,165.75,146.68,163.18,5388612.07,5388612.07
10/16/2021,163.15,164.8,156.36,157.54,1985241.59,1985241.59
10/17/2021,157.54,167.65,153.13,160.12,3070422.13,3070422.13
10/18/2021,160.11,162.98,154.91,157.12,2240606.17,2240606.17
10/19/2021,157.12,159.45,153.06,155.78,1821550.17,1821550.17
10/20/2021,155.77,176.87,155,176.72,3884374.7,3884374.7
10/21/2021,176.72,194.21,176.7,190.5,7853710.77,7853710.77
10/22/2021,190.46,215.1,187.96,196.29,8364239.42,8364239.42
10/23/2021,196.29,205.78,191.86,197.75,3274703.05,3274703.05
10/24/2021,197.75,204.86,185.22,202.14,3573960.26,3573960.26
10/25/2021,202.15,218.93,198,209.7,4914479.29,4914479.29
10/26/2021,209.73,214.2,196.36,199.85,3168707.16,3168707.16
10/27/2021,199.87,205.49,176.94,184.49,5003626.21,5003626.21
10/28/2021,184.45,201.38,181.64,195.42,3503774.6,3503774.6
10/29/2021,195.37,205.22,194.45,200.41,2484214.02,2484214.02
10/30/2021,200.36,200.62,187.3,195.7,1609573.37,1609573.37
10/31/2021,195.69,205,185.31,202.49,2375757.35,2375757.35
11/1/2021,202.53,211.66,197.7,203.9,3150076.28,3150076.28
11/2/2021,203.91,222.22,200.97,220.82,2876704.542,2876704.542
11/3/2021,220.81,247,215.69,243.37,5253716.352,5253716.352
11/4/2021,243.37,250.5,234,247.07,3552648.58,3552648.58
11/5/2021,247.06,248.84,230.34,236.06,2233800.23,2233800.23
11/6/2021,236.04,259.9,234.79,258.44,3046062.46,3046062.46
11/7/2021,258.41,258.66,245.65,249.68,1923092.87,1923092.87
11/8/2021,249.62,253.3,240.68,248.26,2301351.76,2301351.76
11/9/2021,248.27,253.22,237.62,239.04,2217088.06,2217088.06
11/10/2021,239.06,248,217.5,233.09,3092477.23,3092477.23
11/11/2021,233.06,246.5,229.4,233.37,1997993.9,1997993.9
11/12/2021,233.34,239.09,220.83,228.48,2114721.23,2114721.23
11/13/2021,228.46,241.97,224.79,241.59,1458387.39,1458387.39
11/14/2021,241.58,242,230.4,238.64,1075144.87,1075144.87
11/15/2021,238.63,246.36,234.49,238.2,1921128.24,1921128.24
11/16/2021,238.18,238.21,213.81,219.04,2557623.67,2557623.67
11/17/2021,219.09,222.44,209.53,218.94,2094790.54,2094790.54
11/18/2021,218.9,222.78,186.5,195.01,3077799.94,3077799.94
11/19/2021,195.19,219.59,188.99,215.25,2712585.78,2712585.78
11/20/2021,215.25,221.17,205.84,217.63,1560552.25,1560552.25
11/21/2021,217.64,240,210.53,230.51,1888280.05,1888280.05
11/22/2021,230.56,231.99,211.6,215.59,2456703.81,2456703.81
11/23/2021,215.58,226.08,210.91,221.75,1654017.24,1654017.24
11/24/2021,221.76,222.47,200.14,205.7,1878172.55,1878172.55
11/25/2021,205.76,216.35,201.93,209.97,1764837.19,1764837.19
11/26/2021,209.94,210.53,182.7,192.42,2776105.44,2776105.44
11/27/2021,192.37,199.39,190.61,192.74,1028955.27,1028955.27
11/28/2021,192.74,202.1,180.93,200.69,1560980.85,1560980.85
11/29/2021,200.71,212.75,199.63,204.09,1458763.57,1458763.57
11/30/2021,204.1,218.28,199.55,208.53,2176734.39,2176734.39
12/1/2021,208.52,232.63,207.89,229.81,2589478.23,2589478.23
12/2/2021,229.81,243.12,220,233.6,3042712.67,3042712.67
12/3/2021,233.59,239.37,204.68,211.65,2867134.41,2867134.41
12/4/2021,211.65,212.62,169,200.67,4895759.09,4895759.09
12/5/2021,200.68,204.51,181.44,196.43,2482292.26,2482292.26
12/6/2021,196.49,197.71,176.17,193.56,2815245.83,2815245.83
12/7/2021,193.57,204.1,187.26,190.19,1939707.91,1939707.91
12/8/2021,190.24,196.27,183.5,194.61,1670677.66,1670677.66
12/9/2021,194.61,196.6,178.64,181.11,1664934.25,1664934.25
12/10/2021,181.08,184.6,167,167.39,1862906.9,1862906.9
12/11/2021,167.39,173.8,161.33,172.15,1541656.11,1541656.11
12/12/2021,172.15,176.85,167.64,172.8,976615.96,976615.96
12/13/2021,172.83,172.83,148.04,155.21,2470231.82,2470231.82
12/14/2021,155.2,163.35,149.6,161.26,2151408.98,2151408.98
12/15/2021,161.25,182.64,156.81,178.52,3328550.89,3328550.89
12/16/2021,178.53,189,174.37,176.86,2482901.38,2482901.38
12/17/2021,176.89,182.5,167.88,175.51,2308612.94,2308612.94
12/18/2021,175.48,184.24,170.96,182.78,1218448.99,1218448.99
12/19/2021,182.78,189.43,177.99,179.93,1217882.6,1217882.6
12/20/2021,179.9,181.18,168.49,173.9,1448185.8,1448185.8
12/21/2021,173.9,182.54,170.27,179.63,1302766.6,1302766.6
12/22/2021,179.62,187.55,177.05,178.4,1379639.45,1379639.45
12/23/2021,178.38,193.5,175.64,190.03,1726907.3,1726907.3
12/24/2021,190.08,197.55,184.14,190.36,1657463.56,1657463.56
12/25/2021,190.37,195,189.08,193.1,1047151.86,1047151.86
12/26/2021,193.03,200.59,190.22,197.81,1539530.03,1539530.03
12/27/2021,197.85,204.75,194.71,195.67,1218499.7,1218499.7
12/28/2021,195.68,195.68,176.2,177.32,1997243.2,1997243.2
12/29/2021,177.28,180.62,170.01,170.63,1540603.75,1540603.75
12/30/2021,170.65,175.74,168.17,172.52,1022709.31,1022709.31
12/31/2021,172.53,177.65,167.67,169.99,1026603.34,1026603.34
1/1/2022,170.01,179.2,169.93,179.06,634599.39,634599.39
1/2/2022,179.06,179.53,174.31,176.35,620087.38,620087.38
1/3/2022,176.34,176.49,166.59,170.15,1031316.43,1031316.43
1/4/2022,170.14,173.93,166.47,167.72,1041332.63,1041332.63
1/5/2022,167.74,171.32,144.92,154.52,1659848.17,1659848.17
1/6/2022,154.48,154.8,145.98,150.26,1575071.3,1575071.3
1/7/2022,150.28,150.72,133.08,136.45,2719397.3,2719397.3
1/8/2022,136.43,148.11,133,142.14,2695415.51,2695415.51
1/9/2022,142.1,145.71,137.83,140.82,1435153.15,1435153.15
1/10/2022,140.82,143.86,130,135.86,1894512.51,1894512.51
1/11/2022,135.84,143.5,133.58,140.2,1328579.57,1328579.57
1/12/2022,140.19,153.39,138.22,151.51,1946788.76,1946788.76
1/13/2022,151.5,157.8,145.41,146.14,1984121.59,1984121.59
1/14/2022,146.13,150.56,141.84,146.17,1428145.3,1428145.3
1/15/2022,146.18,149.49,143.9,147.64,865014.75,865014.75
1/16/2022,147.61,151.96,146.09,147.98,964270.14,964270.14
1/17/2022,147.98,148.29,137.02,139.8,1297654.14,1297654.14
1/18/2022,139.81,142.77,134.39,141.22,1254337.17,1254337.17
1/19/2022,141.32,142.7,132.77,135.25,1175171.39,1175171.39
1/20/2022,135.23,143.83,126.01,127.54,1464593.98,1464593.98
1/21/2022,127.54,128.73,106.11,112.27,4523020.69,4523020.69
1/22/2022,112.24,114.89,87.73,94.54,6455608.98,6455608.98
1/23/2022,94.57,104.82,93.25,99.78,3561751.04,3561751.04
1/24/2022,99.74,99.83,80.83,91.93,6990036.71,6990036.71
1/25/2022,91.94,99.95,87.41,94.67,3482711.32,3482711.32
1/26/2022,94.65,104.43,89.19,92.12,4501340.69,4501340.69
1/27/2022,92.11,94.6,85.71,89.51,3530017.76,3530017.76
1/28/2022,89.51,93.55,87.21,91.34,2647317.17,2647317.17
1/29/2022,91.35,98.93,90.5,96.13,2050891.76,2050891.76
1/30/2022,96.15,97.6,91.38,93.29,1258037.51,1258037.51
1/31/2022,93.26,101.4,89.18,99.49,2414101.55,2414101.55
2/1/2022,99.5,113.66,99.02,110.02,4190507.65,4190507.65
2/2/2022,109.99,112.35,96.99,101.88,4863358.1,4863358.1
2/3/2022,101.91,103.13,94,101.77,3886563.56,3886563.56
2/4/2022,101.83,112.81,100.28,112.62,4186388.28,4186388.28
2/5/2022,112.63,118.6,110.22,113.75,2649019.14,2649019.14
2/6/2022,113.74,116.06,111.09,115.28,1561795.12,1561795.12
2/7/2022,115.26,121.93,112.69,117.55,2730695.8,2730695.8
2/8/2022,117.57,120.36,109.66,113.45,2811497.5,2811497.5
2/9/2022,113.44,117.08,109.4,113.93,2114411.38,2114411.38
2/10/2022,113.96,115.38,105.68,106.17,2781581.77,2781581.77
2/11/2022,106.18,108.14,95.14,96.53,2537227.68,2537227.68
2/12/2022,96.53,99.79,92.8,95.96,1803930.67,1803930.67
2/13/2022,95.98,97.36,91.35,92.85,1216083.38,1216083.38
2/14/2022,92.85,97.99,90.72,96.37,1792721.3,1792721.3
2/15/2022,96.39,105.77,96.38,105.52,2362223.45,2362223.45
2/16/2022,105.52,105.6,98.27,101.86,2123159.11,2123159.11
2/17/2022,101.85,102.82,92.33,93.52,2001081.3,2001081.3
2/18/2022,93.55,96.37,89.31,89.86,2010076.65,2010076.65
2/19/2022,89.86,92.75,88.6,91.27,1285578.14,1285578.14
2/20/2022,91.27,94.5,85.56,90.72,2559473.54,2559473.54
2/21/2022,90.7,96.14,82.62,82.96,4063082.8,4063082.8
2/22/2022,82.95,87.56,81.06,86.38,2835554.36,2835554.36
2/23/2022,86.39,93.4,84.38,84.59,3193694.1,3193694.1
2/24/2022,84.58,93.9,75.35,89.36,7497540.08,7497540.08
2/25/2022,89.35,95,86.86,92.71,3691896.58,3691896.58
2/26/2022,92.73,95.49,89.23,90.23,2279602.17,2279602.17
2/27/2022,90.25,92.19,84.08,85.63,2593533.97,2593533.97
2/28/2022,85.61,103,84.17,99.68,4212075.57,4212075.57
3/1/2022,99.67,102.03,94.21,98.66,3665336.76,3665336.76
3/2/2022,98.65,106.43,96.76,100.68,4306326.64,4306326.64
3/3/2022,100.69,101.7,94,95.62,2595560.67,2595560.67
3/4/2022,95.63,95.94,87,88.32,2854970.19,2854970.19
3/5/2022,88.33,91.22,86,89.63,1495553.5,1495553.5
3/6/2022,89.61,89.96,84.09,84.57,1828270.57,1828270.57
3/7/2022,84.58,86.71,79.92,81.66,3230989.34,3230989.34
3/8/2022,81.65,85.04,81.3,82.32,2604534.79,2604534.79
3/9/2022,82.32,89.92,81.9,88.06,3355218.73,3355218.73
3/10/2022,88.06,88.57,80.63,82.87,2828491.21,2828491.21
3/11/2022,82.86,84.29,80.07,80.67,2528334.85,2528334.85
3/12/2022,80.67,82.75,80.57,81.38,1362268.13,1362268.13
3/13/2022,81.4,83.34,77.65,78.73,2009434.97,2009434.97
3/14/2022,78.72,82.29,78,81.22,2079919.39,2079919.39
3/15/2022,81.23,85.99,78.72,82.84,2123603.37,2123603.37
3/16/2022,82.84,87.98,81.53,87.77,2638790.33,2638790.33
3/17/2022,87.77,91,86.58,87.8,2616451.8,2616451.8
3/18/2022,87.8,92.28,84.41,89.8,2935949.01,2935949.01
3/19/2022,89.81,94.55,89.25,92.31,2058348.96,2058348.96
3/20/2022,92.31,92.55,87.82,88.62,1500458.29,1500458.29
3/21/2022,88.62,91.28,86.74,88.59,1985082.57,1985082.57
3/22/2022,88.58,93.98,88,90.43,2611345.56,2611345.56
3/23/2022,90.44,96.36,89.19,94.89,2854825.2,2854825.2
3/24/2022,94.88,103.7,93.26,102.32,4777008.51,4777008.51
3/25/2022,102.32,104.86,96.95,98.6,3360440.57,3360440.57
3/26/2022,98.6,103.4,97.63,101.73,1906343.44,1906343.44
3/27/2022,101.73,107.46,98.77,107.04,2351080.64,2351080.64
3/28/2022,107.04,113.87,105.22,105.75,4146023.22,4146023.22
3/29/2022,105.75,115.7,105.49,111.62,3727259.92,3727259.92
3/30/2022,111.62,125.26,107.11,120.82,5250424.16,5250424.16
3/31/2022,120.82,129.5,119.95,122.77,5143974.9,5143974.9
4/1/2022,122.79,138.4,117.39,134.52,5505077.63,5505077.63
4/2/2022,134.53,143.51,131.47,132.49,4193984.2,4193984.2
4/3/2022,132.48,141.11,130.52,136.9,2964507.05,2964507.05
4/4/2022,136.9,138.29,125.82,132.14,3456901.43,3456901.43
4/5/2022,132.14,136.63,126.07,126.87,2833885.54,2833885.54
4/6/2022,126.88,127.4,112.1,112.95,4266870.2,4266870.2
4/7/2022,112.94,120,110.88,118.48,3326346.75,3326346.75
4/8/2022,118.47,122.42,108.1,109.92,3328966.49,3328966.49
4/9/2022,109.92,113.69,108.28,112.96,1376896.77,1376896.77
4/10/2022,112.97,116.09,109.71,111.07,1560720.04,1560720.04
4/11/2022,111.06,111.94,98.1,99.67,3332133.13,3332133.13
4/12/2022,99.64,109.36,98.31,103.22,3527634.19,3527634.19
4/13/2022,103.21,106.04,100.09,104.94,2204306.4,2204306.4
4/14/2022,104.92,107.72,98.77,100.77,2711073.76,2711073.76
4/15/2022,100.77,102.91,99.55,101.31,1384490.37,1384490.37
4/16/2022,101.38,103.5,100.71,102.06,1006216.36,1006216.36
4/17/2022,102.06,105.44,99.62,100.15,1509800.04,1509800.04
4/18/2022,100.15,102.65,94.62,102.33,2751434.83,2751434.83
4/19/2022,102.37,109,101.02,108.51,2675360.43,2675360.43
4/20/2022,108.51,110.9,104.25,105.59,2768156.81,2768156.81
4/21/2022,105.58,110,99.86,101.78,2671646.36,2671646.36
4/22/2022,101.78,103.55,99.19,100.55,1777613.85,1777613.85
4/23/2022,100.55,102.9,98.31,100.63,1081628.14,1081628.14
4/24/2022,100.63,102.31,98.55,99.23,1064136.15,1064136.15
4/25/2022,99.22,101.59,94.32,100.99,2317293.8,2317293.8
4/26/2022,100.98,101.98,94.61,95.7,1897735.14,1897735.14
4/27/2022,95.7,100.79,94.89,98.36,1833742.63,1833742.63
4/28/2022,98.35,100.55,96.33,98.24,1849394.04,1849394.04
4/29/2022,98.23,98.68,92.35,93.96,1736234.87,1736234.87
4/30/2022,93.96,94.95,81.91,84.63,1829537.27,1829537.27
5/1/2022,84.63,93.12,84.15,89.68,2353897.93,2353897.93
5/2/2022,89.67,90.89,85.1,87.5,1915805.97,1915805.97
5/3/2022,87.49,88.81,84.66,85.86,1562366.45,1562366.45
5/4/2022,85.86,93.06,85.47,92.77,2246070.16,2246070.16
5/5/2022,92.77,95.25,81.32,84.52,3311421.92,3311421.92
5/6/2022,84.52,84.84,79.98,81.68,2607225.81,2607225.81
5/7/2022,81.67,82.33,77.03,78.86,1906773.25,1906773.25
5/8/2022,78.86,79.41,73.69,75.38,2736836.4,2736836.4
5/9/2022,75.39,77.21,61.7,62.16,5846036.682,5846036.682
5/10/2022,62.16,74.03,60.13,66.9,7855041.331,7855041.331
5/11/2022,66.9,68.44,43.17,50.9,11626123.02,11626123.02
5/12/2022,50.9,54.29,37.37,44.64,13635820.47,13635820.47
5/13/2022,44.64,56.99,43.83,48.92,8718594.5,8718594.5
5/14/2022,48.93,53.91,45.81,52.43,5099487.21,5099487.21
5/15/2022,52.43,59.31,49.63,58.83,3885558.77,3885558.77
5/16/2022,58.83,58.83,51.89,53.79,5418221.63,5418221.63
5/17/2022,53.8,58.22,53.04,57.02,4346066.59,4346066.59
5/18/2022,57.01,57.85,49.38,49.93,4470848.03,4470848.03
5/19/2022,49.93,54.09,48.2,52.2,4794335.94,4794335.94
5/20/2022,52.2,53.62,47.81,49.43,4811635.67,4811635.67
5/21/2022,49.42,51.21,48.43,50.31,1969104.94,1969104.94
5/22/2022,50.3,53.2,49.69,52.48,2723718.45,2723718.45
5/23/2022,52.48,54.68,48.61,49.17,4201654.88,4201654.88
5/24/2022,49.17,50.85,47.1,49.67,3645448.65,3645448.65
5/25/2022,49.67,50.55,47.57,47.98,3294918.76,3294918.76
5/26/2022,47.97,48.66,41.69,43.44,7025986.74,7025986.74
5/27/2022,43.44,43.95,39.93,41.17,7547814.8,7547814.8
5/28/2022,41.18,45.08,40.33,44.25,4317517.06,4317517.06
5/29/2022,44.24,45.67,41.79,44.98,4628871.1,4628871.1
5/30/2022,44.98,48.39,44.27,47.22,5476313.14,5476313.14
5/31/2022,47.22,48.24,44.56,45.77,4479536.73,4479536.73
6/1/2022,45.78,46.12,39.51,40.11,4778696.94,4778696.94
6/2/2022,40.11,41.65,38.13,40.85,5153870.27,5153870.27
6/3/2022,40.86,41.54,37.63,38.28,4437324.64,4437324.64
6/4/2022,38.28,39.5,35.71,39,3736176.79,3736176.79
6/5/2022,39.02,40.22,37.85,38.52,3618511.38,3618511.38
6/6/2022,38.53,44.87,38.33,42.39,6823258.3,6823258.3
6/7/2022,42.39,42.8,37.12,39.31,7677286.83,7677286.83
6/8/2022,39.32,40.96,38.28,38.83,3988154.3,3988154.3
6/9/2022,38.83,41.97,38.44,39.96,4587327.75,4587327.75
6/10/2022,39.96,40.9,36.8,37.17,4364643.34,4364643.34
6/11/2022,37.17,37.93,33.17,33.93,4638154.317,4638154.317
6/12/2022,33.94,34.5,30.56,30.61,6810748.104,6810748.104
6/13/2022,30.6,31.11,26.05,28.6,13336972.47,13336972.47
6/14/2022,28.59,32.32,25.86,29.59,11437619.27,11437619.27
6/15/2022,29.59,34.86,26.79,34.76,12673444.09,12673444.09
6/16/2022,34.75,36,29.52,30.12,10418712.66,10418712.66
6/17/2022,30.12,32.19,29.26,30.71,6274370.5,6274370.5
6/18/2022,30.72,32.06,27.15,32.02,9330644.34,9330644.34
6/19/2022,32.01,35.4,28.68,34.19,9253122.78,9253122.78
6/20/2022,34.19,36.9,31.73,35.24,8218146.8,8218146.8
6/21/2022,35.25,39.19,34.2,36.42,7429098.76,7429098.76
6/22/2022,36.42,36.87,33.65,34.12,6494707.01,6494707.01
6/23/2022,34.13,38.65,33.91,38.15,7002610.45,7002610.45
6/24/2022,38.15,42.92,37.67,41.91,6583046.23,6583046.23
6/25/2022,41.91,42.64,39.73,42.22,4294211.07,4294211.07
6/26/2022,42.22,42.49,39.14,39.39,4024143.84,4024143.84
6/27/2022,39.39,41.25,37.9,38.52,4172937.4,4172937.4
6/28/2022,38.5,39.9,35.02,35.35,5581335.85,5581335.85
6/29/2022,35.34,36.12,33.1,34.05,5755278.44,5755278.44
6/30/2022,34.06,34.2,30.92,33.76,5337105.46,5337105.46
7/1/2022,33.76,35.4,31.82,32.84,6155756.76,6155756.76
7/2/2022,32.85,34.14,31.87,33.36,2740500.19,2740500.19
7/3/2022,33.36,33.77,32.14,33.39,2394572.39,2394572.39
7/4/2022,33.4,36.94,32.45,36.71,4064615.13,4064615.13
7/5/2022,36.71,36.99,33.03,35.4,6098472.04,6098472.04
7/6/2022,35.41,37.65,34.8,37.04,5298552.9,5298552.9
7/7/2022,37.04,39.29,36.39,38.46,4091777.28,4091777.28
7/8/2022,38.46,39.72,36.46,38.12,5277992.76,5277992.76
7/9/2022,38.12,38.95,37.77,38.06,2088073.86,2088073.86
7/10/2022,38.06,38.14,36.26,36.71,2181587.6,2181587.6
7/11/2022,36.71,36.73,33.24,33.42,2927967.37,2927967.37
7/12/2022,33.42,34.61,32.6,32.68,3202970.4,3202970.4
7/13/2022,32.69,35.08,31.82,34.94,4798032.13,4798032.13
7/14/2022,34.94,37.31,33.58,37.15,5214767.02,5214767.02
7/15/2022,37.14,39.1,36.49,37.36,4440629.04,4440629.04
7/16/2022,37.36,40.41,36.35,39.58,3945225.2,3945225.2
7/17/2022,39.59,41.09,38.29,38.62,3795951.41,3795951.41
7/18/2022,38.61,44.07,38.55,43.52,6300282.95,6300282.95
7/19/2022,43.52,47.36,42.54,44.87,7876651.82,7876651.82
7/20/2022,44.87,46.3,41.24,42.04,6380441.74,6380441.74
7/21/2022,42.03,44.24,39.64,43.11,6134099.29,6134099.29
7/22/2022,43.1,44.33,40.03,40.54,4495729.55,4495729.55
7/23/2022,40.54,41.91,38.6,39.97,3421971.49,3421971.49
7/24/2022,39.97,42.1,39.47,40.93,3327219.47,3327219.47
7/25/2022,40.93,41.09,36.56,36.65,4237919.99,4237919.99
7/26/2022,36.66,36.84,34.67,36.25,4496178.57,4496178.57
7/27/2022,36.26,40.55,35.68,40.23,5860676.17,5860676.17
7/28/2022,40.23,44.15,39.03,42.91,6754342.15,6754342.15
7/29/2022,42.92,44.42,41.13,41.91,4949319.15,4949319.15
7/30/2022,41.92,46.65,41.41,43.84,5388479.3,5388479.3
7/31/2022,43.84,45.21,42.22,42.35,3287571.37,3287571.37
8/1/2022,42.34,43.26,40.57,41.65,3302835.44,3302835.44
8/2/2022,41.65,42.11,41.04,41.1,158832.09,158832.09
